,Unnamed: 0,Period,State,Pesticide,Varroa,Otherpest,Diseases,Other Factors,Lost Colonies
464,464,2,4,164400.0,498000.0,122400.0,133200.0,108000.0,110000.0
174,174,2,4,163300.0,571550.0,162150.0,128800.0,175950.0,108000.0
33,33,2,4,241500.0,534450.0,225750.0,81900.0,149100.0,104000.0
582,607,3,4,112000.0,343000.0,80500.0,60900.0,77700.0,93000.0
95,95,3,30,61500.0,169000.0,77500.0,40500.0,20500.0,93000.0
314,314,2,4,128700.0,376200.0,76230.0,30690.0,47520.0,90000.0
211,211,3,4,154160.0,346040.0,145960.0,69700.0,85280.0,82000.0
602,627,3,30,47700.0,256520.0,54060.0,77910.0,125610.0,81000.0
73,73,3,4,156800.0,319200.0,163200.0,100000.0,120000.0,76000.0
672,697,2,4,64800.0,400800.0,56400.0,46800.0,90000.0,74000.0
504,504,3,4,124600.0,401100.0,46200.0,31500.0,84000.0,73000.0
233,233,3,30,70950.0,209000.0,64900.0,34650.0,54450.0,71000.0
351,351,3,4,89780.0,283410.0,105860.0,37520.0,67670.0,67000.0
526,526,3,30,50960.0,257740.0,56350.0,47040.0,53410.0,59000.0
466,466,2,7,42625.0,124575.0,75625.0,26400.0,27775.0,56000.0
101,101,3,36,20945.0,64900.0,21535.0,5900.0,5605.0,53000.0
608,633,3,36,35700.0,26520.0,8925.0,765.0,10200.0,51000.0
394,394,4,7,24960.0,99360.0,40320.0,18000.0,18240.0,50000.0
308,308,1,38,17340.0,123080.0,76500.0,6800.0,11900.0,49000.0
374,374,3,30,39690.0,205800.0,58310.0,16660.0,39690.0,48000.0
270,270,4,30,1560.0,91650.0,30810.0,5850.0,10140.0,44000.0
546,546,4,7,40890.0,120060.0,50460.0,26680.0,23200.0,43000.0
3,3,1,7,28035.0,70245.0,42525.0,2520.0,16065.0,42000.0
253,253,4,7,51000.0,92700.0,81300.0,23100.0,40800.0,41000.0
148,148,1,7,14455.0,95285.0,23010.0,6195.0,5310.0,40000.0
276,276,4,38,11160.0,102610.0,54250.0,9920.0,8680.0,39000.0
353,353,3,7,11340.0,77220.0,23760.0,6660.0,20520.0,39000.0
433,433,1,7,23460.0,80835.0,39015.0,11475.0,14025.0,39000.0
673,698,2,7,17875.0,102050.0,49400.0,10400.0,17875.0,39000.0
493,493,2,38,14175.0,83475.0,55755.0,25515.0,26775.0,38000.0
116,116,4,7,17680.0,70980.0,47840.0,6500.0,7800.0,37000.0
203,203,2,38,8400.0,91350.0,31500.0,26250.0,25900.0,36000.0
76,76,3,7,50380.0,86900.0,47740.0,14740.0,48180.0,36000.0
665,690,1,38,11560.0,52700.0,39100.0,32640.0,17680.0,35000.0
316,316,2,7,22950.0,93075.0,36720.0,15555.0,16575.0,35000.0
131,131,4,30,4125.0,29700.0,6325.0,4950.0,10175.0,35000.0
36,36,2,7,38055.0,95030.0,56760.0,5805.0,29240.0,35000.0
64,64,2,38,20790.0,60795.0,72135.0,7875.0,23310.0,33000.0
455,455,1,38,580.0,62350.0,29290.0,13920.0,4930.0,32000.0
88,88,3,21,37264.0,45288.0,19856.0,10064.0,9520.0,32000.0
651,676,1,7,16430.0,86800.0,44020.0,17050.0,26970.0,30000.0
621,646,4,7,35100.0,130500.0,76800.0,23400.0,23400.0,30000.0
287,287,1,7,37630.0,99640.0,39220.0,3975.0,16430.0,30000.0
167,167,1,38,30080.0,83840.0,22400.0,320.0,11840.0,30000.0
506,506,3,7,16720.0,77000.0,45100.0,9240.0,31460.0,30000.0
519,519,3,21,36068.0,56515.0,15748.0,7620.0,11811.0,29000.0
57,57,2,30,19350.0,69750.0,13500.0,450.0,20700.0,29000.0
177,177,2,7,27840.0,115680.0,55920.0,24000.0,24240.0,29000.0
564,564,4,30,46110.0,127455.0,25230.0,435.0,18705.0,29000.0
343,343,2,38,43400.0,100450.0,58800.0,5250.0,9800.0,28000.0
637,662,4,30,15540.0,180600.0,29820.0,7560.0,8400.0,27000.0
195,195,2,30,5830.0,85860.0,19610.0,11130.0,19080.0,27000.0
224,224,3,21,30912.0,65136.0,20148.0,8556.0,24564.0,26000.0
26,26,1,38,27750.0,53750.0,30500.0,12500.0,5750.0,26000.0
414,414,4,30,2050.0,170970.0,67650.0,820.0,3690.0,26000.0
239,239,3,36,43357.0,93208.0,37245.0,27122.0,8786.0,25000.0
698,723,2,38,17710.0,116270.0,29645.0,12705.0,21945.0,25000.0
434,434,1,8,20572.0,55044.0,25993.0,1251.0,37669.0,25000.0
138,138,4,38,13500.0,52250.0,21750.0,6750.0,5500.0,25000.0
213,213,3,7,21780.0,99220.0,51480.0,5940.0,18700.0,25000.0
485,485,2,30,21620.0,160080.0,36340.0,22540.0,22540.0,23000.0
37,37,2,8,35588.0,65472.0,21700.0,3596.0,14260.0,23000.0
435,435,1,10,5712.0,47544.0,9576.0,1344.0,5712.0,22000.0
532,532,3,36,16745.0,107759.0,64813.0,6501.0,88650.0,22000.0
118,118,4,10,5800.0,56405.0,870.0,6235.0,4060.0,22000.0
395,395,4,8,22185.0,82360.0,21895.0,17835.0,5220.0,21000.0
594,619,3,21,17286.0,70821.0,10578.0,5160.0,8514.0,21000.0
613,638,3,42,4462.0,45881.0,873.0,2425.0,9118.0,21000.0
62,62,2,36,5800.0,28420.0,32190.0,5220.0,4060.0,21000.0
568,568,4,36,2240.0,69720.0,29120.0,2660.0,2940.0,21000.0
584,609,3,7,43680.0,107760.0,49680.0,15120.0,28080.0,20000.0
622,647,4,8,11921.0,44933.0,23842.0,7336.0,3406.0,20000.0
366,366,3,21,12784.0,54128.0,6392.0,2448.0,15776.0,20000.0
421,421,4,38,8265.0,96615.0,60990.0,20235.0,10830.0,20000.0
521,521,3,24,10404.0,67014.0,28305.0,27540.0,33354.0,18500.0
653,678,1,10,4704.0,17472.0,1344.0,168.0,3528.0,18500.0
597,622,3,24,9394.0,43120.0,15400.0,16324.0,6314.0,18500.0
369,369,3,24,3542.0,68103.0,10787.0,11109.0,30751.0,18500.0
117,117,4,8,5445.0,52635.0,16819.0,6413.0,4477.0,18000.0
467,467,2,8,20276.0,72610.0,35483.0,18906.0,43018.0,18000.0
643,668,4,38,11760.0,55440.0,33600.0,11040.0,13920.0,17500.0
365,365,3,20,14933.0,61912.0,12971.0,9374.0,16350.0,17500.0
691,716,2,30,11850.0,101515.0,6715.0,10270.0,11455.0,17500.0
385,385,3,42,1104.0,21804.0,2484.0,1840.0,644.0,17000.0
570,570,4,38,7800.0,124800.0,25480.0,14300.0,16120.0,17000.0
491,491,2,36,6422.0,93119.0,68276.0,12337.0,63375.0,17000.0
507,507,3,8,38226.0,68724.0,28152.0,3312.0,8280.0,17000.0
380,380,3,36,16059.0,75366.0,21306.0,7950.0,42930.0,16500.0
103,103,3,38,26384.0,41752.0,35360.0,1768.0,6392.0,16500.0
335,335,2,30,23850.0,131850.0,18000.0,14400.0,14400.0,16000.0
266,266,4,24,16988.0,73284.0,48856.0,40796.0,41292.0,16000.0
632,657,4,21,5917.0,36181.0,7566.0,1164.0,1746.0,15500.0
624,649,4,10,20580.0,39788.0,8428.0,10584.0,19404.0,15500.0
354,354,3,8,17202.0,58072.0,21960.0,2806.0,18422.0,15500.0
255,255,4,10,286.0,45617.0,1144.0,6864.0,6006.0,15500.0
639,664,4,33,2340.0,46540.0,2730.0,6110.0,21580.0,15000.0
547,547,4,10,25281.0,43248.0,20829.0,3816.0,11130.0,15000.0
223,223,3,20,9828.0,69228.0,27108.0,324.0,7020.0,15000.0
382,382,3,38,27600.0,38755.0,26450.0,115.0,21045.0,15000.0
675,700,2,10,6966.0,35802.0,8829.0,8991.0,5589.0,14500.0
652,677,1,8,363.0,61589.0,4114.0,242.0,484.0,14500.0
4,4,1,8,2730.0,6510.0,5145.0,3465.0,5040.0,14500.0
288,288,1,8,3250.0,44125.0,8750.0,250.0,5500.0,14000.0
79,79,3,10,12800.0,59904.0,6656.0,2176.0,2816.0,14000.0
28,28,1,42,3780.0,22575.0,525.0,315.0,6300.0,14000.0
509,509,3,10,26765.0,84436.0,5454.0,14746.0,13938.0,14000.0
377,377,3,33,13332.0,54944.0,10706.0,11413.0,6464.0,13500.0
265,265,4,21,20064.0,31350.0,8778.0,3534.0,5700.0,13500.0
169,169,1,42,2482.0,31974.0,4234.0,1606.0,2774.0,13500.0
361,361,3,16,1024.0,37888.0,47680.0,192.0,2560.0,13500.0
565,565,4,33,14948.0,27169.0,10807.0,6767.0,909.0,13000.0
409,409,4,24,7139.0,65582.0,4961.0,3751.0,6413.0,13000.0
187,187,2,21,22932.0,26208.0,7560.0,8190.0,10836.0,13000.0
77,77,3,8,23320.0,52360.0,17820.0,3960.0,9790.0,13000.0
341,341,2,36,10752.0,14616.0,2352.0,1680.0,8400.0,13000.0
529,529,3,33,52767.0,66924.0,3276.0,8190.0,12519.0,13000.0
585,610,3,8,30444.0,61950.0,21948.0,1888.0,20178.0,13000.0
215,215,3,10,9956.0,33143.0,6157.0,5895.0,7860.0,13000.0
214,214,3,8,12463.0,31621.0,16892.0,2472.0,7828.0,13000.0
646,671,4,42,18228.0,37479.0,2139.0,558.0,2697.0,12500.0
387,387,3,44,16350.0,46200.0,15750.0,13875.0,9750.0,12500.0
317,317,2,8,9042.0,46717.0,7946.0,1370.0,8905.0,12500.0
264,264,4,20,2727.0,24139.0,1515.0,101.0,4040.0,12500.0
50,50,2,21,20625.0,31750.0,7750.0,1750.0,12625.0,12500.0
111,111,4,2,1365.0,19539.0,663.0,429.0,195.0,12000.0
241,241,3,38,44902.0,67496.0,16302.0,2431.0,5291.0,12000.0
355,355,3,10,17980.0,62292.0,22156.0,7772.0,11020.0,12000.0
538,538,3,42,2268.0,5964.0,504.0,504.0,8316.0,12000.0
328,328,2,21,16384.0,26240.0,6016.0,2944.0,8448.0,12000.0
246,246,3,44,11850.0,23625.0,10200.0,8100.0,3825.0,12000.0
556,556,4,21,6794.0,22790.0,5762.0,172.0,3268.0,11500.0
405,405,4,20,20768.0,47344.0,11968.0,4664.0,1320.0,11500.0
13,13,1,20,960.0,8580.0,1860.0,660.0,4980.0,11500.0
106,106,3,42,1358.0,44232.0,3589.0,2231.0,3686.0,11500.0
227,227,3,24,10902.0,66202.0,13904.0,11060.0,9638.0,11500.0
275,275,4,36,8760.0,71394.0,7738.0,438.0,1460.0,11000.0
201,201,2,36,9282.0,58968.0,12012.0,3094.0,28028.0,11000.0
178,178,2,8,31524.0,65823.0,31524.0,2220.0,12987.0,11000.0
51,51,2,22,89.0,8989.0,5340.0,267.0,2047.0,11000.0
593,618,3,20,7227.0,42273.0,16236.0,8613.0,2079.0,11000.0
610,635,3,38,15295.0,29127.0,24339.0,5852.0,9576.0,11000.0
156,156,1,16,220.0,1815.0,220.0,165.0,6820.0,11000.0
572,572,4,42,3969.0,23895.0,12312.0,486.0,2673.0,11000.0
254,254,4,8,8512.0,48832.0,9632.0,4144.0,4592.0,11000.0
21,21,1,31,660.0,2354.0,352.0,220.0,3916.0,10500.0
318,318,2,10,6474.0,23790.0,4992.0,3120.0,6084.0,10500.0
586,611,3,10,10989.0,66489.0,17094.0,24087.0,20535.0,10500.0
90,90,3,24,3588.0,81900.0,25584.0,16692.0,9984.0,10500.0
416,416,4,33,13348.0,47564.0,21902.0,26320.0,3666.0,10000.0
674,699,2,8,4290.0,70356.0,28886.0,10153.0,11583.0,10000.0
231,231,3,28,2912.0,20944.0,5040.0,3080.0,13832.0,10000.0
540,540,3,44,13455.0,37536.0,22563.0,1794.0,4209.0,10000.0
635,660,4,28,5655.0,21645.0,16120.0,1950.0,2080.0,10000.0
125,125,4,21,26250.0,45780.0,9135.0,8820.0,3990.0,10000.0
127,127,4,24,14022.0,43665.0,24354.0,17712.0,3936.0,10000.0
49,49,2,20,8008.0,23672.0,11440.0,528.0,14432.0,9500.0
583,608,3,5,3672.0,28728.0,4500.0,1728.0,3384.0,9500.0
272,272,4,33,3472.0,31620.0,3472.0,16120.0,3224.0,9500.0
269,269,4,28,6125.0,13622.0,1078.0,1764.0,1078.0,9000.0
108,108,3,44,12958.0,29326.0,12462.0,5146.0,7812.0,9000.0
396,396,4,10,24436.0,55760.0,27716.0,29028.0,2788.0,9000.0
72,72,3,3,1500.0,20760.0,9720.0,270.0,540.0,9000.0
137,137,4,36,14555.0,34440.0,6150.0,3895.0,4920.0,9000.0
279,279,4,42,8827.0,20758.0,4462.0,3589.0,4365.0,9000.0
134,134,4,33,1710.0,18696.0,1482.0,1710.0,1938.0,8500.0
14,14,1,22,1596.0,7144.0,6232.0,76.0,912.0,8500.0
648,673,4,44,6486.0,18400.0,10166.0,6808.0,10120.0,8500.0
426,426,4,44,12540.0,29205.0,20295.0,18205.0,8415.0,8500.0
98,98,3,33,3100.0,56000.0,20800.0,5200.0,4800.0,8500.0
479,479,2,21,6960.0,14964.0,10788.0,8352.0,9280.0,8500.0
228,228,3,25,4794.0,9588.0,752.0,47.0,752.0,8500.0
289,289,1,10,20988.0,73458.0,41877.0,41877.0,1683.0,8500.0
600,625,3,28,5658.0,21183.0,7935.0,828.0,1725.0,8500.0
150,150,1,10,5782.0,12152.0,6272.0,294.0,5292.0,8500.0
605,630,3,33,17818.0,41772.0,15104.0,23364.0,19588.0,8000.0
304,304,1,33,8190.0,25830.0,7650.0,9090.0,13860.0,8000.0
104,104,3,39,12096.0,14436.0,9000.0,14976.0,1296.0,8000.0
502,502,3,2,1178.0,16275.0,713.0,1395.0,4650.0,8000.0
11,11,1,16,867.0,8772.0,2397.0,2193.0,1581.0,8000.0
30,30,1,44,2465.0,5452.0,464.0,783.0,2407.0,8000.0
518,518,3,20,20944.0,81312.0,12144.0,968.0,17160.0,8000.0
281,281,4,44,6254.0,40887.0,7198.0,5900.0,6254.0,7500.0
478,478,2,20,8190.0,52780.0,13020.0,7560.0,8890.0,7500.0
159,159,1,22,1600.0,10100.0,3500.0,200.0,150.0,7500.0
391,391,4,3,7750.0,9375.0,7300.0,6650.0,6025.0,7500.0
497,497,2,42,9272.0,68198.0,11468.0,9272.0,8662.0,7500.0
236,236,3,33,10752.0,59248.0,20720.0,14000.0,5712.0,7500.0
327,327,2,20,2100.0,19100.0,7200.0,200.0,900.0,7500.0
642,667,4,36,10584.0,23058.0,11529.0,6048.0,21168.0,7500.0
430,430,1,3,5060.0,4642.0,2112.0,220.0,1012.0,7500.0
534,534,3,38,7688.0,23312.0,5456.0,496.0,3472.0,7500.0
410,410,4,25,882.0,11172.0,1386.0,1722.0,1806.0,7500.0
186,186,2,20,16995.0,55723.0,9579.0,1133.0,12154.0,7500.0
627,652,4,13,8064.0,19520.0,5696.0,1792.0,6304.0,7500.0
444,444,1,20,2738.0,7918.0,1295.0,259.0,4440.0,7000.0
393,393,4,5,6800.0,10268.0,238.0,68.0,5270.0,7000.0
87,87,3,20,12193.0,39694.0,14507.0,6497.0,1602.0,7000.0
618,643,4,2,8388.0,19404.0,540.0,144.0,1440.0,7000.0
190,190,2,24,6123.0,47571.0,11147.0,7065.0,10833.0,7000.0
406,406,4,21,39004.0,61642.0,3920.0,4116.0,7056.0,7000.0
247,247,3,45,1040.0,15440.0,1240.0,200.0,1360.0,7000.0
346,346,2,42,8325.0,23643.0,5550.0,4662.0,3996.0,7000.0
20,20,1,29,5954.0,9230.0,598.0,26.0,1612.0,7000.0
419,419,4,36,4884.0,19203.0,111.0,4551.0,8325.0,6500.0
522,522,3,25,3510.0,13014.0,1728.0,3186.0,2322.0,6500.0
685,710,2,21,11088.0,25956.0,3654.0,882.0,5544.0,6500.0
39,39,2,10,4320.0,18360.0,4824.0,4680.0,9864.0,6500.0
249,249,4,2,2015.0,30628.0,4805.0,713.0,1333.0,6500.0
23,23,1,34,399.0,5901.0,1323.0,399.0,3738.0,6500.0
615,640,3,44,11403.0,29232.0,12915.0,8757.0,4095.0,6500.0
212,212,3,5,9102.0,18241.0,8288.0,6216.0,3922.0,6500.0
143,143,4,44,10512.0,23712.0,7488.0,1200.0,3168.0,6500.0
372,372,3,28,5546.0,26609.0,11682.0,3658.0,8024.0,6500.0
141,141,4,42,267.0,6141.0,89.0,89.0,2670.0,6500.0
22,22,1,33,522.0,17574.0,1740.0,348.0,1392.0,6500.0
19,19,1,28,1320.0,2280.0,780.0,150.0,3720.0,6500.0
383,383,3,39,5845.0,14175.0,35.0,175.0,5565.0,6500.0
499,499,2,44,15176.0,17976.0,9464.0,10248.0,16520.0,6500.0
631,656,4,20,6972.0,31080.0,8148.0,7728.0,924.0,6500.0
93,93,3,28,8037.0,18800.0,6721.0,2679.0,4136.0,6500.0
390,390,4,2,480.0,18480.0,1260.0,690.0,1230.0,6500.0
399,399,4,13,14670.0,27450.0,11475.0,5535.0,8055.0,6500.0
468,468,2,10,17390.0,48504.0,3478.0,2820.0,3854.0,6500.0
91,91,3,25,10164.0,25564.0,7931.0,8393.0,3542.0,6000.0
555,555,4,20,11627.0,21868.0,4004.0,3234.0,1848.0,6000.0
429,429,1,2,3978.0,9438.0,1118.0,1196.0,2054.0,6000.0
301,301,1,28,1452.0,6732.0,3102.0,3234.0,4356.0,6000.0
284,284,1,2,544.0,11392.0,640.0,1216.0,2080.0,6000.0
206,206,2,42,4433.0,58487.0,16302.0,4719.0,15873.0,6000.0
543,543,4,3,22785.0,13671.0,5146.0,3038.0,1643.0,6000.0
659,684,1,20,130.0,9035.0,325.0,1170.0,260.0,6000.0
209,209,3,2,4320.0,13344.0,320.0,288.0,4288.0,6000.0
179,179,2,10,2480.0,16960.0,3840.0,2160.0,4320.0,6000.0
191,191,2,25,1634.0,2623.0,43.0,430.0,473.0,6000.0
71,71,3,2,6920.0,21400.0,9920.0,2160.0,3040.0,6000.0
559,559,4,24,17850.0,3060.0,714.0,714.0,2958.0,5500.0
417,417,4,34,1656.0,10728.0,1296.0,240.0,696.0,5500.0
388,388,3,45,1584.0,7848.0,576.0,3348.0,2016.0,5500.0
207,207,2,44,9828.0,18252.0,2886.0,9984.0,11622.0,5500.0
218,218,3,13,8350.0,16300.0,1700.0,400.0,1200.0,5500.0
481,481,2,24,2992.0,75504.0,8272.0,5808.0,1584.0,5500.0
31,31,2,2,6633.0,2772.0,10593.0,165.0,9306.0,5500.0
59,59,2,33,15200.0,37335.0,19855.0,12540.0,5510.0,5500.0
661,686,1,31,20.0,7140.0,1420.0,960.0,600.0,5500.0
505,505,3,5,1015.0,25410.0,5810.0,1960.0,2975.0,5000.0
338,338,2,33,3220.0,34224.0,9752.0,8096.0,14536.0,5000.0
158,158,1,20,210.0,5082.0,2940.0,84.0,546.0,5000.0
145,145,1,3,135.0,10287.0,4104.0,2430.0,513.0,5000.0
413,413,4,29,345.0,14766.0,3749.0,897.0,2691.0,5000.0
244,244,3,42,14134.0,48248.0,1036.0,666.0,3182.0,5000.0
560,560,4,25,135.0,6300.0,1440.0,45.0,1305.0,5000.0
67,67,2,42,2540.0,61849.0,254.0,2794.0,4064.0,5000.0
432,432,1,5,105.0,6657.0,168.0,798.0,2877.0,4900.0
690,715,2,28,112.0,11872.0,1456.0,336.0,2016.0,4900.0
657,682,1,16,576.0,8352.0,1248.0,960.0,672.0,4800.0
204,204,2,39,1825.0,5750.0,25.0,450.0,850.0,4800.0
451,451,1,33,5963.0,32040.0,623.0,1068.0,3293.0,4800.0
258,258,4,13,4860.0,10098.0,5292.0,4806.0,6156.0,4700.0
25,25,1,36,485.0,1164.0,873.0,291.0,1164.0,4600.0
69,69,2,44,5330.0,22945.0,3640.0,650.0,9880.0,4600.0
696,721,2,36,820.0,109470.0,64370.0,9840.0,76875.0,4600.0
460,460,1,44,435.0,4089.0,1073.0,348.0,1044.0,4600.0
458,458,1,42,1710.0,7650.0,810.0,900.0,360.0,4600.0
609,634,3,37,1274.0,7196.0,3262.0,28.0,1610.0,4500.0
449,449,1,31,448.0,5544.0,1400.0,910.0,2212.0,4500.0
74,74,3,5,4950.0,15150.0,450.0,810.0,1110.0,4500.0
315,315,2,5,992.0,9703.0,248.0,1643.0,1426.0,4500.0
251,251,4,5,930.0,9720.0,390.0,30.0,3900.0,4500.0
535,535,3,39,60.0,10200.0,4650.0,30.0,300.0,4400.0
311,311,1,44,440.0,4180.0,418.0,242.0,880.0,4400.0
303,303,1,31,17.5,4515.0,2030.0,105.0,910.0,4400.0
562,562,4,28,1272.0,28090.0,5512.0,2014.0,4134.0,4400.0
644,669,4,39,3296.0,7072.0,640.0,640.0,64.0,4400.0
198,198,2,33,3432.0,69564.0,19140.0,13068.0,22044.0,4300.0
471,471,2,13,3713.0,5969.0,4371.0,423.0,3948.0,4300.0
121,121,4,13,2240.0,18690.0,315.0,210.0,8680.0,4300.0
267,267,4,25,444.0,3885.0,518.0,74.0,148.0,4300.0
352,352,3,5,3822.0,22218.0,588.0,1092.0,3276.0,4300.0
6,6,1,12,42.0,1291.5,724.5,73.5,1323.0,4200.0
448,448,1,29,55.5,5494.5,1887.0,55.5,2479.0,4200.0
53,53,2,24,11130.0,18900.0,1890.0,1680.0,3360.0,4200.0
550,550,4,13,6636.0,13020.0,6573.0,5460.0,6174.0,4200.0
163,163,1,28,2508.0,3135.0,825.0,627.0,3135.0,4200.0
670,695,2,1,654.5,2422.5,1530.0,136.0,671.5,4100.0
10,10,1,15,262.5,1134.0,1123.5,262.5,2383.5,4100.0
592,617,3,16,25080.0,29524.0,29392.0,176.0,1100.0,4100.0
350,350,3,2,286.0,5148.0,104.0,130.0,3224.0,4100.0
193,193,2,28,5382.0,9384.0,1426.0,414.0,1886.0,4000.0
305,305,1,34,522.0,3762.0,432.0,144.0,648.0,4000.0
348,348,2,44,1430.0,8970.0,1105.0,1105.0,2080.0,4000.0
566,566,4,34,2730.0,6762.0,3381.0,63.0,1638.0,4000.0
129,129,4,28,405.0,11025.0,990.0,360.0,180.0,4000.0
445,445,1,21,372.0,1240.0,434.0,1178.0,682.0,3900.0
541,541,3,45,3060.0,12036.0,952.0,748.0,1122.0,3900.0
524,524,3,28,13664.0,22792.0,11536.0,10416.0,12824.0,3900.0
412,412,4,28,2754.0,11373.0,6477.0,4080.0,204.0,3900.0
640,665,4,34,672.0,6972.0,966.0,210.0,483.0,3800.0
172,172,2,2,2760.0,6164.0,10925.0,3956.0,4002.0,3700.0
5,5,1,10,4224.0,35024.0,5896.0,11000.0,7832.0,3700.0
330,330,2,24,4725.0,27000.0,5400.0,5670.0,5940.0,3700.0
447,447,1,28,494.0,6578.0,3094.0,364.0,2080.0,3700.0
188,188,2,22,2430.0,11070.0,2070.0,1080.0,1080.0,3700.0
450,450,1,32,18.0,4338.0,1530.0,576.0,558.0,3700.0
370,370,3,25,3337.0,7097.0,3102.0,188.0,4324.0,3700.0
598,623,3,25,1148.0,11972.0,1107.0,738.0,2952.0,3700.0
512,512,3,13,228.0,17043.0,5586.0,4845.0,1083.0,3600.0
441,441,1,16,364.0,2548.0,364.0,104.0,2340.0,3600.0
678,703,2,13,232.0,8816.0,7134.0,4785.0,1015.0,3600.0
285,285,1,3,100.0,6300.0,2920.0,20.0,600.0,3500.0
427,427,4,45,1711.0,11020.0,696.0,2436.0,2349.0,3500.0
298,298,1,21,369.0,861.0,164.0,41.0,3690.0,3500.0
173,173,2,3,24.0,20376.0,2040.0,1320.0,816.0,3400.0
633,658,4,22,4031.0,11890.0,11020.0,1189.0,3045.0,3400.0
488,488,2,33,7062.0,49327.0,3745.0,8667.0,16692.0,3400.0
589,614,3,13,8679.0,13002.0,2343.0,1914.0,9174.0,3400.0
122,122,4,14,2133.5,3782.5,2108.0,17.0,2881.5,3400.0
407,407,4,22,330.0,4246.0,1342.0,308.0,330.0,3400.0
65,65,2,39,3321.0,7344.0,2916.0,405.0,1512.0,3400.0
454,454,1,37,300.0,2920.0,2040.0,230.0,1320.0,3400.0
549,549,4,12,5814.0,4959.0,2448.0,801.0,3186.0,3300.0
452,452,1,34,1395.0,5160.0,840.0,495.0,885.0,3300.0
27,27,1,39,1056.0,3264.0,216.0,24.0,720.0,3300.0
373,373,3,29,5481.0,20115.0,9747.0,891.0,2052.0,3300.0
164,164,1,32,40.5,2754.0,2025.0,715.5,121.5,3300.0
225,225,3,22,360.0,5500.0,700.0,320.0,1000.0,3300.0
636,661,4,29,432.0,8010.0,3780.0,810.0,2826.0,3200.0
70,70,2,45,900.0,4775.0,4475.0,200.0,2075.0,3200.0
242,242,3,39,7194.0,10593.0,6666.0,198.0,825.0,3200.0
46,46,2,17,10350.0,21630.0,10350.0,30.0,150.0,3200.0
8,8,1,13,595.0,4550.0,122.5,805.0,3150.0,3100.0
273,273,4,34,588.0,3927.0,546.0,210.0,1029.0,3100.0
475,475,2,17,299.0,322.0,184.0,46.0,115.0,3100.0
616,641,3,45,594.0,12339.0,108.0,891.0,1701.0,3000.0
82,82,3,13,1739.0,6438.0,2146.0,37.0,2072.0,3000.0
292,292,1,13,1860.0,5208.0,1286.5,1302.0,1844.5,3000.0
561,561,4,27,8.0,2080.0,360.0,624.0,640.0,3000.0
334,334,2,29,200.0,5850.0,1375.0,575.0,1275.0,3000.0
595,620,3,22,5842.0,13593.0,10488.0,552.0,920.0,2900.0
94,94,3,29,1800.0,8136.0,6696.0,168.0,1368.0,2900.0
290,290,1,11,407.0,2332.0,1441.0,55.0,1089.0,2900.0
165,165,1,34,475.0,1337.5,287.5,75.0,687.5,2900.0
367,367,3,22,48.0,17064.0,1152.0,168.0,4344.0,2900.0
153,153,1,13,351.0,3939.0,1300.0,13.0,3120.0,2900.0
611,636,3,39,58.0,8526.0,1421.0,1595.0,174.0,2800.0
415,415,4,31,1184.0,8380.5,4310.5,1313.5,1554.0,2800.0
563,563,4,29,320.0,4720.0,1504.0,1296.0,1776.0,2700.0
601,626,3,29,880.0,5918.0,2486.0,4334.0,2134.0,2700.0
294,294,1,16,846.0,12126.0,4512.0,47.0,2021.0,2700.0
483,483,2,28,2772.0,16632.0,8400.0,6300.0,7014.0,2700.0
638,663,4,31,114.0,6308.0,1064.0,76.0,627.0,2700.0
78,78,3,9,14.5,11324.5,11672.5,14.5,362.5,2700.0
344,344,2,39,31.0,11377.0,403.0,93.0,3906.0,2700.0
402,402,4,16,360.0,18900.0,15960.0,180.0,1260.0,2700.0
574,574,4,45,2176.0,14048.0,2528.0,832.0,320.0,2700.0
24,24,1,35,52.5,1837.5,402.5,35.0,630.0,2700.0
312,312,2,2,2728.0,12848.0,3498.0,4334.0,4488.0,2600.0
684,709,2,20,4740.0,30020.0,9085.0,1738.0,2528.0,2600.0
462,462,2,2,156.0,14391.0,1404.0,6396.0,2788.5,2600.0
208,208,2,45,162.0,1917.0,702.0,324.0,675.0,2600.0
17,17,1,25,155.0,1829.0,31.0,31.0,93.0,2600.0
219,219,3,14,2328.0,3424.0,2040.0,1128.0,360.0,2600.0
135,135,4,34,69.0,7406.0,989.0,230.0,184.0,2500.0
371,371,3,27,1156.0,6315.5,280.5,1513.0,263.5,2500.0
694,719,2,33,2090.0,26600.0,1615.0,7125.0,5605.0,2500.0
109,109,3,45,1190.0,9975.0,3850.0,2240.0,700.0,2500.0
459,459,1,43,289.0,1275.0,680.0,170.0,1768.0,2500.0
302,302,1,29,345.0,7981.0,4002.0,46.0,1656.0,2500.0
114,114,4,5,4728.0,11424.0,5856.0,5088.0,2016.0,2500.0
484,484,2,29,420.0,1697.5,455.0,87.5,2555.0,2500.0
112,112,4,3,2214.0,10287.0,2619.0,27.0,2295.0,2400.0
321,321,2,13,6118.0,9039.0,6348.0,1725.0,1863.0,2400.0
132,132,4,31,1387.0,6897.0,1672.0,380.0,2755.0,2400.0
436,436,1,11,367.5,2698.5,1176.0,378.0,1092.0,2400.0
181,181,2,13,156.0,6110.0,4628.0,4862.0,1560.0,2400.0
469,469,2,11,693.0,1438.5,819.0,703.5,1039.5,2300.0
500,500,2,45,588.0,2688.0,28.0,588.0,756.0,2300.0
630,655,4,16,322.0,15180.0,8510.0,1610.0,2806.0,2300.0
503,503,3,3,5104.0,8671.0,2262.0,29.0,145.0,2300.0
607,632,3,35,2349.0,6510.5,1682.0,87.0,2842.0,2200.0
358,358,3,13,1677.0,7396.0,3096.0,1032.0,1720.0,2200.0
16,16,1,24,288.0,3132.0,180.0,216.0,828.0,2200.0
136,136,4,35,297.5,2485.0,507.5,70.0,1015.0,2200.0
525,525,3,29,1512.0,11880.0,3222.0,2052.0,2052.0,2200.0
282,282,4,45,1404.0,8694.0,432.0,837.0,297.0,2200.0
130,130,4,29,88.0,2112.0,748.0,110.0,1188.0,2200.0
517,517,3,19,1010.0,7590.0,1120.0,1070.0,110.0,2200.0
581,606,3,3,10605.0,11172.0,4137.0,1428.0,1449.0,2100.0
271,271,4,31,819.0,8190.0,3529.5,156.0,2184.0,2100.0
7,7,1,12,28.5,1966.5,28.5,19.0,2118.5,2100.0
482,482,2,25,1932.0,2300.0,644.0,644.0,4140.0,2100.0
457,457,1,41,273.0,1820.0,791.0,21.0,539.0,2100.0
58,58,2,31,2261.0,3002.0,779.0,570.0,2128.0,2100.0
296,296,1,18,90.0,1017.0,297.0,90.0,1071.0,2100.0
438,438,1,13,264.0,2332.0,484.0,132.0,264.0,2100.0
422,422,4,39,2668.0,7047.0,2581.0,3190.0,2726.0,2000.0
15,15,1,23,546.0,1703.0,780.0,286.0,1534.0,2000.0
552,552,4,15,476.0,1162.0,469.0,21.0,385.0,2000.0
100,100,3,35,1764.0,7008.0,3720.0,2196.0,468.0,2000.0
557,557,4,22,125.0,9250.0,2500.0,275.0,750.0,2000.0
261,261,4,16,57.0,1653.0,570.0,570.0,399.0,2000.0
463,463,2,3,352.0,4944.0,2048.0,112.0,2720.0,2000.0
418,418,4,35,30.0,4740.0,2910.0,2190.0,285.0,2000.0
580,605,3,2,3420.0,8700.0,2970.0,810.0,3960.0,2000.0
34,34,2,5,700.0,9650.0,450.0,1150.0,850.0,1900.0
32,32,2,3,3051.0,8896.5,8559.0,945.0,3699.0,1900.0
313,313,2,3,936.0,4656.0,2304.0,456.0,648.0,1900.0
569,569,4,37,969.0,1581.0,1572.5,467.5,773.5,1900.0
515,515,3,16,901.0,16589.0,15847.0,106.0,530.0,1900.0
671,696,2,3,4182.0,6885.0,2601.0,867.0,357.0,1900.0
291,291,1,12,307.5,1185.0,600.0,390.0,780.0,1900.0
96,96,3,31,5382.0,7061.0,1840.0,138.0,368.0,1900.0
494,494,2,39,442.0,11310.0,962.0,520.0,364.0,1900.0
590,615,3,14,1792.5,5062.5,2535.0,1635.0,90.0,1900.0
641,666,4,35,472.5,7654.5,2484.0,229.5,1768.5,1900.0
139,139,4,39,56.0,21224.0,2548.0,1792.0,1232.0,1900.0
470,470,2,12,427.5,7410.0,332.5,38.0,123.5,1800.0
508,508,3,9,16.5,14569.5,14751.0,16.5,16.5,1800.0
175,175,2,5,406.0,11223.0,232.0,957.0,754.0,1800.0
375,375,3,31,1541.0,11845.0,4393.0,1081.0,2691.0,1800.0
54,54,2,26,4959.0,9975.0,684.0,57.0,190.0,1800.0
45,45,2,16,495.0,16380.0,1665.0,90.0,2250.0,1800.0
687,712,2,25,4251.0,6162.0,390.0,1716.0,39.0,1800.0
397,397,4,11,1066.5,3901.5,1377.0,108.0,661.5,1800.0
99,99,3,34,1275.0,11275.0,2825.0,925.0,1800.0,1800.0
681,706,2,16,53.0,12561.0,2491.0,265.0,1855.0,1800.0
453,453,1,35,377.0,4248.5,2247.5,101.5,1957.5,1800.0
56,56,2,29,805.0,11730.0,3289.0,69.0,1334.0,1800.0
29,29,1,43,126.0,1080.0,438.0,132.0,876.0,1800.0
625,650,4,11,442.0,3757.0,3549.0,143.0,1157.0,1700.0
692,717,2,31,957.0,3927.0,1980.0,1023.0,1204.5,1700.0
487,487,2,32,4138.5,9331.0,1689.5,1488.0,1922.0,1700.0
501,501,3,1,1241.0,6587.5,5899.0,59.5,663.0,1700.0
701,726,2,44,13303.0,24433.0,14469.0,13250.0,13674.0,1700.0
359,359,3,14,1421.0,4578.0,3682.0,1036.0,77.0,1700.0
196,196,2,31,3019.5,1749.0,363.0,99.0,478.5,1700.0
379,379,3,35,435.0,3828.0,1711.0,29.0,754.0,1700.0
381,381,3,37,600.0,4280.0,2210.0,210.0,530.0,1700.0
170,170,1,43,48.0,1936.0,128.0,88.0,552.0,1700.0
398,398,4,12,80.5,2702.5,644.0,195.5,448.5,1700.0
166,166,1,37,333.0,1746.0,882.0,207.0,909.0,1700.0
234,234,3,31,609.0,12726.0,2226.0,483.0,756.0,1600.0
619,644,4,3,1521.0,9301.5,7741.5,273.0,2437.5,1600.0
60,60,2,34,304.0,2166.0,1102.0,494.0,1273.0,1600.0
360,360,3,15,54.0,4176.0,3528.0,414.0,927.0,1600.0
655,680,1,13,42.0,1722.0,105.0,21.0,1197.0,1600.0
654,679,1,12,333.5,1978.0,1023.5,23.0,218.5,1600.0
81,81,3,12,1230.0,2055.0,1545.0,720.0,150.0,1600.0
92,92,3,27,3770.0,3978.0,3575.0,3575.0,3607.5,1600.0
307,307,1,37,204.0,2431.0,1071.0,76.5,688.5,1600.0
306,306,1,35,192.5,2205.0,927.5,70.0,472.5,1600.0
603,628,3,31,351.0,7917.0,4485.0,819.0,1150.5,1600.0
283,283,1,1,224.0,1393.0,686.0,14.0,469.0,1600.0
9,9,1,14,994.0,2289.0,91.0,77.0,665.0,1600.0
194,194,2,29,8112.0,12432.0,5640.0,1128.0,1992.0,1600.0
277,277,4,39,270.0,7920.0,30.0,60.0,210.0,1600.0
442,442,1,18,120.0,1456.0,448.0,352.0,1144.0,1600.0
363,363,3,18,136.0,748.0,858.5,59.5,433.5,1600.0
668,693,1,42,370.0,28786.0,12728.0,12654.0,148.0,1500.0
634,659,4,23,10.0,1920.0,590.0,20.0,150.0,1500.0
297,297,1,19,148.5,1072.5,184.8,99.0,346.5,1500.0
331,331,2,25,16168.0,21543.0,16512.0,430.0,6880.0,1500.0
486,486,2,31,351.0,5044.0,3991.0,221.0,2808.0,1500.0
210,210,3,3,2528.0,25824.0,2880.0,128.0,864.0,1500.0
567,567,4,35,175.0,1600.0,162.5,875.0,162.5,1500.0
0,0,1,3,476.0,2464.0,1596.0,210.0,140.0,1500.0
647,672,4,43,32.0,5264.0,856.0,88.0,488.0,1500.0
2,2,1,5,75.0,1825.0,112.5,225.0,325.0,1500.0
676,701,2,11,996.0,2820.0,984.0,120.0,1428.0,1500.0
693,718,2,32,144.0,2368.0,624.0,64.0,2896.0,1500.0
378,378,3,34,684.5,7659.0,1054.5,499.5,407.0,1500.0
80,80,3,11,56.0,1078.0,420.0,84.0,476.0,1400.0
232,232,3,29,725.0,6950.0,3350.0,25.0,3350.0,1400.0
548,548,4,11,336.0,6156.0,2556.0,2856.0,828.0,1400.0
446,446,1,23,280.0,6880.0,6224.0,24.0,2120.0,1400.0
192,192,2,27,162.5,3841.5,19.5,786.5,533.0,1400.0
531,531,3,35,3726.0,8832.0,6141.0,80.5,874.0,1400.0
310,310,1,41,256.0,1712.0,1024.0,224.0,592.0,1400.0
42,42,2,13,1872.0,5160.0,1224.0,696.0,648.0,1400.0
474,474,2,16,384.0,3888.0,2832.0,96.0,576.0,1400.0
151,151,1,11,247.0,1653.0,351.5,85.5,437.0,1400.0
626,651,4,12,1172.5,3622.5,2625.0,455.0,280.0,1300.0
420,420,4,37,210.0,2394.0,1984.5,21.0,787.5,1300.0
527,527,3,31,208.0,9424.0,6544.0,416.0,1904.0,1300.0
293,293,1,15,266.0,2233.0,805.0,28.0,1120.0,1300.0
199,199,2,34,504.0,2618.0,546.0,336.0,644.0,1300.0
274,274,4,35,4182.0,4930.0,4607.0,3961.0,4403.0,1300.0
200,200,2,35,4833.0,6925.5,4941.0,135.0,1930.5,1300.0
490,490,2,35,224.0,1988.0,490.0,98.0,1400.0,1300.0
155,155,1,15,409.5,1482.0,923.0,1209.0,812.5,1300.0
403,403,4,18,115.5,829.5,325.5,21.0,189.0,1300.0
216,216,3,11,473.0,1914.0,869.0,77.0,319.0,1300.0
259,259,4,14,155.0,1460.0,415.0,15.0,255.0,1300.0
349,349,2,45,840.0,10230.0,1050.0,3780.0,1710.0,1300.0
144,144,4,45,2625.0,11250.0,825.0,1650.0,2825.0,1300.0
623,648,4,9,170.0,7480.0,10506.0,34.0,17.0,1300.0
237,237,3,34,946.0,6006.0,1694.0,352.0,616.0,1300.0
342,342,2,37,279.0,4806.0,2295.0,90.0,954.0,1300.0
40,40,2,11,237.5,978.5,351.5,19.0,218.5,1300.0
41,41,2,12,62.5,1925.0,225.0,875.0,550.0,1300.0
84,84,3,15,650.0,4040.0,1130.0,120.0,900.0,1300.0
333,333,2,28,860.0,9546.0,903.0,903.0,3827.0,1300.0
440,440,1,15,605.0,2365.0,1628.0,49.5,440.0,1200.0
697,722,2,37,918.0,4212.0,1053.0,27.0,445.5,1200.0
411,411,4,26,682.0,2929.5,1054.0,682.0,511.5,1200.0
492,492,2,37,272.0,2400.0,1832.0,240.0,496.0,1200.0
680,705,2,15,132.0,2013.0,1199.0,22.0,319.0,1200.0
384,384,3,41,57.5,5784.5,3047.5,172.5,506.0,1200.0
664,689,1,36,420.0,4880.0,2080.0,2160.0,60.0,1200.0
299,299,1,23,202.5,1245.0,1155.0,37.5,405.0,1200.0
649,674,1,3,455.0,5547.5,3972.5,35.0,70.0,1200.0
656,681,1,15,31.5,1396.5,850.5,819.0,798.0,1200.0
699,724,2,41,32.0,2696.0,632.0,24.0,632.0,1200.0
573,573,4,43,504.0,2093.0,1981.0,105.0,294.0,1200.0
89,89,3,23,280.0,1554.0,1638.0,420.0,294.0,1200.0
319,319,2,11,360.0,1356.0,516.0,84.0,672.0,1200.0
425,425,4,43,8.5,5108.5,450.5,204.0,663.0,1200.0
320,320,2,12,4763.0,605.0,231.0,11.0,946.0,1200.0
102,102,3,37,480.0,5080.0,3840.0,50.0,220.0,1200.0
257,257,4,12,105.0,2115.0,720.0,15.0,75.0,1200.0
669,694,1,43,48.0,728.0,64.0,48.0,208.0,1100.0
571,571,4,41,917.0,2415.0,35.0,819.0,406.0,1100.0
230,230,3,27,1566.5,3867.5,3601.0,3588.0,110.5,1100.0
489,489,2,34,390.0,6103.5,3120.0,429.0,312.0,1100.0
55,55,2,28,1496.0,6494.0,4250.0,1530.0,1122.0,1100.0
667,692,1,41,21.0,854.0,476.0,91.0,266.0,1100.0
424,424,4,41,712.5,1985.5,1957.0,123.5,655.5,1100.0
168,168,1,41,26.0,1514.5,682.5,84.5,325.0,1100.0
336,336,2,31,1560.0,6825.0,960.0,930.0,2490.0,1100.0
120,120,4,12,11.5,1736.5,57.5,724.5,69.0,1100.0
404,404,4,19,162.0,792.0,72.0,402.0,90.0,1100.0
614,639,3,43,270.0,3370.0,1070.0,70.0,690.0,1100.0
154,154,1,14,55.0,1180.0,450.0,35.0,120.0,1100.0
18,18,1,26,999.0,3609.0,1188.0,2736.0,1755.0,1100.0
356,356,3,11,364.0,3887.0,1846.0,364.0,598.0,1100.0
123,123,4,15,833.0,1887.0,1258.0,34.0,612.0,1100.0
83,83,3,14,1339.5,2137.5,1539.0,19.0,1406.0,1000.0
662,687,1,34,432.0,4224.0,864.0,264.0,648.0,1000.0
220,220,3,15,862.5,3172.5,1927.5,67.5,555.0,1000.0
588,613,3,12,3696.0,8912.0,2432.0,480.0,3072.0,1000.0
12,12,1,19,128.8,1081.0,161.0,96.6,349.6,1000.0
695,720,2,34,81.0,7371.0,729.0,378.0,918.0,1000.0
660,685,1,21,114.0,4617.0,285.0,114.0,2451.0,1000.0
162,162,1,26,36.0,4140.0,24.0,1890.0,102.0,1000.0
443,443,1,19,29.6,725.2,40.7,29.6,355.2,1000.0
551,551,4,14,2403.5,3140.5,2304.5,66.0,88.0,1000.0
437,437,1,12,40.0,2672.0,664.0,240.0,792.0,1000.0
295,295,1,17,251.1,740.9,647.9,945.5,815.3,1000.0
280,280,4,43,82.5,1785.0,172.5,82.5,322.5,1000.0
345,345,2,41,475.0,1776.5,1710.0,85.5,171.0,1000.0
389,389,4,1,712.5,1672.5,757.5,660.0,127.5,990.0
511,511,3,12,2369.0,3392.5,1403.0,161.0,575.0,990.0
579,604,3,1,14.0,2142.0,1722.0,203.0,679.0,990.0
606,631,3,34,1000.0,4680.0,1760.0,360.0,300.0,980.0
44,44,2,15,153.0,1844.5,1547.0,450.5,807.5,980.0
182,182,2,14,498.0,2838.0,696.0,168.0,222.0,960.0
439,439,1,14,159.1,2331.0,751.1,37.0,1032.3,950.0
240,240,3,37,240.0,2250.0,2310.0,130.0,620.0,950.0
513,513,3,14,480.0,4608.0,3066.0,396.0,1422.0,950.0
61,61,2,35,259.0,5531.5,999.0,92.5,684.5,950.0
260,260,4,15,225.0,3615.0,1672.5,247.5,772.5,950.0
140,140,4,40,39.0,3711.5,1092.0,58.5,26.0,940.0
587,612,3,11,337.5,4846.5,1120.5,94.5,742.5,940.0
604,629,3,32,7.5,2175.0,105.0,7.5,307.5,930.0
357,357,3,12,507.0,1807.0,767.0,52.0,494.0,930.0
386,386,3,43,54.0,2088.0,558.0,126.0,855.0,930.0
171,171,2,1,136.0,768.0,656.0,24.0,384.0,930.0
677,702,2,12,2424.0,3216.0,1500.0,216.0,648.0,920.0
238,238,3,35,351.0,2754.0,2538.0,13.5,351.0,920.0
324,324,2,17,1419.0,1452.0,1419.0,1353.0,660.0,910.0
473,473,2,15,60.0,2454.0,1212.0,36.0,246.0,910.0
533,533,3,37,1188.0,6354.0,4788.0,63.0,504.0,900.0
323,323,2,15,337.5,1927.5,870.0,75.0,322.5,900.0
160,160,1,24,325.0,1170.0,260.0,65.0,65.0,900.0
578,587,1,15,233.2,950.4,567.6,4.4,470.8,890.0
558,558,4,23,230.0,4070.0,1300.0,560.0,190.0,880.0
401,401,4,15,487.5,4072.5,1830.0,37.5,420.0,870.0
340,340,2,35,3700.0,4860.0,4340.0,3020.0,820.0,870.0
530,530,3,34,336.0,4935.0,1701.0,399.0,357.0,860.0
591,616,3,15,442.0,2482.0,1496.0,34.0,671.5,850.0
514,514,3,15,105.0,3297.0,1855.0,112.0,315.0,840.0
400,400,4,14,559.0,1163.5,500.5,214.5,39.0,830.0
542,542,4,1,97.5,1339.0,539.5,201.5,221.0,830.0
157,157,1,18,712.5,757.5,390.0,52.5,502.5,820.0
408,408,4,23,9.5,1586.5,1349.0,95.0,399.0,820.0
428,428,1,1,1117.5,2190.0,2265.0,142.5,645.0,820.0
243,243,3,41,184.0,3128.0,1928.0,88.0,424.0,810.0
456,456,1,40,33.0,935.0,66.0,16.5,110.0,810.0
663,688,1,35,49.5,1881.0,99.0,66.0,1056.0,800.0
189,189,2,23,12.5,2150.0,200.0,87.5,200.0,770.0
152,152,1,12,19.5,3432.0,936.0,897.0,468.0,770.0
364,364,3,19,207.0,7380.0,81.0,63.0,72.0,760.0
688,713,2,26,20.0,1440.0,160.0,4420.0,4460.0,760.0
147,147,1,5,17.0,1045.5,68.0,17.0,229.5,750.0
263,263,4,19,32.0,488.0,208.0,32.0,56.0,740.0
683,708,2,19,54.0,1984.5,283.5,40.5,148.5,740.0
180,180,2,11,279.0,1026.0,396.0,180.0,423.0,740.0
63,63,2,37,735.0,3585.0,1972.5,135.0,195.0,730.0
256,256,4,11,504.0,2502.0,1053.0,108.0,351.0,720.0
161,161,1,25,40.0,1600.0,220.0,40.0,160.0,720.0
577,584,1,12,330.0,936.0,528.0,156.0,426.0,710.0
553,553,4,18,108.0,2988.0,828.0,729.0,441.0,690.0
119,119,4,11,126.0,1316.0,350.0,42.0,140.0,690.0
126,126,4,23,13.5,378.0,810.0,445.5,108.0,690.0
599,624,3,26,32.0,4176.0,368.0,48.0,80.0,680.0
682,707,2,18,88.0,960.0,88.0,8.0,256.0,680.0
105,105,3,41,296.0,2320.0,1136.0,104.0,280.0,680.0
85,85,3,18,1710.0,2017.5,1432.5,217.5,532.5,680.0
43,43,2,14,7.0,1008.0,168.0,63.0,245.0,670.0
617,642,4,1,294.0,2802.0,1602.0,36.0,540.0,660.0
510,510,3,11,561.0,2332.0,1166.0,231.0,165.0,660.0
133,133,4,32,10.0,280.0,450.0,10.0,130.0,650.0
461,461,2,1,1224.0,2142.0,2320.5,110.5,799.0,650.0
554,554,4,19,460.6,2548.0,1528.8,764.4,166.6,650.0
628,653,4,14,2126.6,3224.2,735.0,583.1,19.6,650.0
226,226,3,23,13.5,1795.5,1039.5,135.0,418.5,650.0
575,575,1,1,16.5,1496.0,1248.5,99.0,170.5,650.0
142,142,4,43,210.0,1316.0,315.0,91.0,574.0,610.0
110,110,4,1,16.0,248.0,512.0,16.0,224.0,610.0
248,248,4,1,168.0,861.0,693.0,14.0,469.0,610.0
537,537,3,41,577.5,2925.0,2137.5,195.0,870.0,610.0
217,217,3,12,57.0,4788.0,1178.0,114.0,237.5,600.0
202,202,2,37,32.0,3272.0,1816.0,8.0,728.0,580.0
368,368,3,23,3060.0,6993.0,3240.0,252.0,144.0,580.0
612,637,3,41,117.0,3411.0,1647.0,81.0,243.0,570.0
700,725,2,43,37.5,3465.0,135.0,52.5,210.0,570.0
68,68,2,43,126.9,733.2,390.1,28.2,216.2,570.0
498,498,2,43,203.0,966.0,525.0,63.0,952.0,570.0
235,235,3,32,25.9,277.5,240.5,11.1,51.8,560.0
86,86,3,19,157.5,1222.5,217.5,30.0,187.5,560.0
520,520,3,23,120.0,1820.0,1690.0,120.0,750.0,540.0
339,339,2,34,262.5,2362.5,175.0,122.5,420.0,540.0
222,222,3,19,9.5,1339.5,826.5,646.0,323.0,530.0
539,539,3,43,24.0,4560.0,4208.0,24.0,544.0,520.0
666,691,1,40,67.5,1417.5,1297.5,75.0,150.0,520.0
495,495,2,40,1085.5,1417.0,97.5,45.5,117.0,520.0
376,376,3,32,167.2,968.0,1012.0,440.0,206.8,510.0
52,52,2,23,200.0,637.5,775.0,387.5,125.0,500.0
596,621,3,23,84.0,1932.0,745.5,42.0,220.5,500.0
262,262,4,18,437.0,2261.0,788.5,427.5,551.0,500.0
496,496,2,41,78.0,1362.0,1128.0,192.0,1386.0,500.0
300,300,1,26,6.0,978.0,42.0,18.0,48.0,490.0
423,423,4,40,3588.0,6279.0,2892.5,1436.5,370.5,470.0
183,183,2,15,1704.0,2334.0,2166.0,102.0,960.0,450.0
679,704,2,14,2624.0,5472.0,2728.0,1920.0,2312.0,440.0
309,309,1,40,13.0,390.0,45.5,136.5,58.5,440.0
332,332,2,26,399.0,4494.0,1176.0,483.0,63.0,430.0
629,654,4,15,450.5,2805.0,1708.5,17.0,1020.0,410.0
362,362,3,17,234.0,204.0,54.0,54.0,72.0,400.0
322,322,2,14,1356.0,1038.0,510.0,42.0,102.0,390.0
480,480,2,23,105.0,826.0,924.0,56.0,581.0,390.0
686,711,2,23,201.5,1131.0,97.5,370.5,728.0,390.0
576,581,1,9,115.5,11896.5,10708.5,16.5,478.5,390.0
347,347,2,43,30.0,870.0,120.0,135.0,277.5,370.0
528,528,3,32,493.5,1251.6,1073.1,2.1,361.2,370.0
476,476,2,18,24.0,944.0,272.0,64.0,352.0,370.0
47,47,2,18,275.0,539.0,143.0,22.0,176.0,370.0
516,516,3,18,45.0,877.5,450.0,22.5,82.5,360.0
658,683,1,19,12.0,796.0,60.0,4.0,180.0,350.0
268,268,4,26,228.0,3432.0,1356.0,48.0,408.0,340.0
523,523,3,26,14.0,1722.0,714.0,28.0,140.0,320.0
48,48,2,19,8652.0,9352.0,8638.0,28.0,616.0,320.0
184,184,2,18,261.0,378.0,207.0,216.0,297.0,320.0
197,197,2,32,156.0,6734.0,364.0,26.0,78.0,310.0
472,472,2,14,971.1,1669.2,1232.4,50.7,81.9,300.0
185,185,2,19,901.0,3442.5,901.0,25.5,195.5,300.0
107,107,3,43,105.0,1519.0,371.0,70.0,210.0,300.0
128,128,4,27,504.0,1854.0,18.0,12.0,36.0,290.0
149,149,1,9,15.0,4725.0,345.0,315.0,120.0,280.0
229,229,3,26,1530.0,3636.0,1278.0,216.0,234.0,270.0
66,66,2,41,15.0,1965.0,975.0,135.0,225.0,270.0
329,329,2,23,70.0,938.0,623.0,210.0,357.0,270.0
278,278,4,40,2665.0,2892.5,2684.5,2678.0,26.0,260.0
477,477,2,19,112.0,504.0,88.0,80.0,160.0,260.0
124,124,4,19,85.5,1413.0,72.0,279.0,117.0,260.0
252,252,4,6,31.0,455.7,204.6,34.1,179.8,240.0
205,205,2,41,390.0,1501.5,273.0,442.0,474.5,230.0
97,97,3,32,22.0,352.0,506.0,22.0,132.0,230.0
545,545,4,6,31.5,1634.5,784.0,315.0,147.0,220.0
115,115,4,6,35.2,336.0,54.4,16.0,108.8,210.0
221,221,3,18,49.0,756.0,336.0,7.0,42.0,200.0
337,337,2,32,85.0,4012.0,391.0,1904.0,1309.0,200.0
245,245,3,43,7.5,3112.5,532.5,270.0,607.5,190.0
