,Ask_rate,Accuracy,
0,43.32977588,91.07,2.101787931
1,25.50693703,76.35,2.993303347
2,55.81643543,93.07,1.667430019
3,56.99039488,92.56,1.624133333
4,61.15261473,92.15,1.506885689
5,40.98185699,88.81,2.16705651
6,38.95410886,90.78,2.330434521
7,61.89967983,91.27,1.474482586
8,33.72465315,74.67,2.214107278
9,55.81643543,92.75,1.661696941
10,54.5357524,93.12,1.707503718
11,51.22732124,91.97,1.795331042
12,47.7054429,91.99,1.928291499
13,56.13660619,92.21,1.64260019
14,54.74919957,93.19,1.702125341
15,48.452508,93.44,1.928486344
16,55.70971185,93.36,1.675829885
17,56.45677695,93,1.647277883
18,52.61472785,91.79,1.74456856
19,53.7886873,92.92,1.727500794
20,54.96264674,92.98,1.691694369
21,54.5357524,92.82,1.70200274
22,26.68089648,91.08,3.4136784
23,57.09711846,94.6,1.656826168
24,32.12379936,85.19,2.651927907
25,28.17502668,79.86,2.834425
26,59.01814301,91.82,1.555792767
27,52.18783351,92.5,1.772443763
28,38.52721451,90.3,2.343797784
29,51.86766275,92.58,1.78492716
30,57.09711846,91.39,1.600606168
31,57.95090715,91.55,1.579785451
32,43.32977588,92.8,2.141714286
33,59.55176094,93.02,1.562002509
34,51.76093917,93.32,1.802903918
35,32.33724653,88.82,2.746677888
36,55.2828175,93.67,1.694378185
37,56.13660619,91.12,1.62318327
38,28.06830309,87.78,3.127371103
39,49.62646745,93.57,1.885485806
40,57.52401281,92.85,1.614108534
41,36.71291355,88.84,2.419856977
42,54.64247599,91.7,1.678181641
43,56.99039488,92,1.614307116
44,45.67769477,91.18,1.99616028
45,53.36179296,92.56,1.7345744
46,40.02134472,90.74,2.267290133
47,64.14087513,91.82,1.431536439
48,25.40021345,83.85,3.301153361
49,32.01707577,87.29,2.726357667
50,29.13553895,70.69,2.42624652
51,58.69797225,94.12,1.603462545
52,55.49626467,92.69,1.6702025
53,29.88260406,88.04,2.946195714
54,58.69797225,92.61,1.577737636
55,56.67022412,91.87,1.621133522
56,31.37673426,84.34,2.687978912
57,53.89541089,94.01,1.744304356
58,52.93489861,94.03,1.776332863
59,35.43223052,90.94,2.566589759
60,42.58271078,91.46,2.14782005
61,56.45677695,91.98,1.629210964
62,62.64674493,92.02,1.46887121
63,29.77588047,65.48,2.199095341
64,53.25506937,92.27,1.73260501
65,54.64247599,92.44,1.691724219
66,56.24332978,92.83,1.650506831
67,56.77694771,93.19,1.64133515
68,42.47598719,91.22,2.147566332
69,44.07684098,90.38,2.050509927
70,29.24226254,76.53,2.617102555
71,44.07684098,91.66,2.079550121
72,29.77588047,89.43,3.003437634
73,49.83991462,92.64,1.858751178
74,32.65741729,89.07,2.727404902
75,53.7886873,91.88,1.708165873
76,25.7203842,90.56,3.520942739
77,37.1398079,89.71,2.415467529
78,35.85912487,87.3,2.434526786
79,59.1248666,92.65,1.567022563
80,54.32230523,92.69,1.70629725
81,41.72892209,89.53,2.145514322
82,38.31376734,90.07,2.350852089
83,31.37673426,92.06,2.934021088
84,29.5624333,89.63,3.031888448
85,55.92315902,92.34,1.651194275
86,58.16435432,92.16,1.584475596
87,52.82817503,92.77,1.756070505
88,32.33724653,84.56,2.614941254
89,48.66595518,94.53,1.942425658
90,51.33404482,92.54,1.802702287
91,58.48452508,92.46,1.580931022
92,41.51547492,92.56,2.229530077
93,49.94663821,92.43,1.850575
94,19.74386339,83.4,4.224097297
95,32.97758805,89.26,2.706686731
96,61.68623266,92.2,1.4946609
97,26.46744931,87.42,3.302925
98,31.27001067,89.32,2.856410922
99,34.04482391,90.52,2.658847649
100,52.61472785,93.28,1.772887627
101,40.02134472,90.07,2.250549067
102,57.20384205,93.29,1.630834515
103,46.9583778,92.74,1.974940455
104,59.55176094,92.46,1.552598925
105,55.60298826,93.03,1.673111516
106,43.86339381,92.13,2.100384672
107,53.25506937,93.12,1.748565932
108,57.20384205,91.85,1.605661381
109,28.28175027,73.47,2.597788302
110,54.00213447,92.75,1.717524704
111,50.80042689,92.79,1.826559454
112,28.92209178,87.46,3.023985978
113,37.03308431,81.83,2.209645821
114,39.91462113,91.43,2.290639305
115,58.59124867,89.44,1.526507832
116,30.3094984,89.46,2.95155
117,24.75987193,89.54,3.616335345
118,29.02881537,88.72,3.056273529
119,20.38420491,87.92,4.313143455
120,40.34151547,91.76,2.274579894
121,53.36179296,88.36,1.6558664
122,26.25400213,80.51,3.066580081
123,29.98932764,58.56,1.952694662
124,28.06830309,89.84,3.200763498
125,40.1280683,88.17,2.19721516
126,39.48772679,89.98,2.278682703
127,70.01067236,91.35,1.304801067
128,48.452508,92.89,1.917135022
129,40.55496265,90.88,2.240909474
130,53.68196371,92.57,1.724415308
131,53.25506937,93.4,1.753823647
132,58.80469584,92.89,1.579635753
133,28.92209178,89.4,3.091062731
134,51.65421558,92.07,1.782429545
135,55.38954109,92.15,1.663671484
136,43.86339381,92.69,2.113151582
137,29.34898613,90.47,3.082559636
138,41.08858058,93.58,2.277518442
139,54.42902882,92.26,1.695051373
140,51.97438634,92.01,1.770295072
141,59.23159018,92.12,1.555251171
142,54.00213447,92.37,1.710487945
143,32.12379936,85.04,2.647258472
144,26.04055496,90.22,3.464595902
145,51.22732124,91.55,1.787132292
146,56.99039488,93.17,1.634836891
147,52.08110993,91.86,1.763787295
148,53.14834578,91.01,1.712376908
149,47.06510139,91.69,1.948152608
150,54.21558164,91.83,1.693793504
151,48.66595518,90.81,1.865986184
152,25.7203842,33.82,1.314910373
153,29.98932764,90.67,3.023408897
154,55.92315902,94.3,1.686242366
155,31.8036286,86.46,2.718557718
156,41.72892209,90.98,2.180262404
157,44.18356457,93.23,2.110060628
158,38.52721451,91.07,2.363783657
159,55.17609392,93.19,1.688956093
160,48.452508,91.81,1.894845154
161,58.27107791,91.81,1.575567216
162,31.27001067,85.96,2.748959727
163,59.76520811,91.91,1.53785125
164,28.28175027,84.91,3.002289434
165,43.11632871,92.87,2.153940347
166,58.59124867,92.14,1.5725898
167,56.45677695,92.47,1.63789017
168,54.5357524,92.95,1.704386497
169,45.14407684,88.88,1.968807565
170,29.77588047,89.68,3.011833692
171,28.49519744,82.05,2.879432584
172,57.09711846,92.35,1.617419626
173,54.74919957,91.37,1.668882846
174,58.16435432,92.35,1.587742202
175,42.36926361,89.55,2.113560453
176,55.38954109,93.06,1.680100578
177,55.38954109,92.08,1.662407707
178,21.87833511,87.18,3.984763902
179,55.49626467,92.75,1.671283654
180,28.38847385,88.37,3.112883083
181,54.42902882,91.03,1.672453137
182,57.95090715,93.08,1.606187109
183,56.77694771,91.93,1.619143045
184,29.34898613,91.82,3.128557818
185,37.886873,89.63,2.365727042
186,28.70864461,88.88,3.095931599
187,48.34578442,91.48,1.892202208
188,41.94236926,91.74,2.187287023
189,23.05229456,67.01,2.906868981
190,41.40875133,92.96,2.244936082
191,56.56350053,92.87,1.641871509
192,49.41302028,91.29,1.847488769
193,24.86659552,84.79,3.409795279
194,59.55176094,93.7,1.573421147
195,63.07363927,92.35,1.464161591
196,30.41622199,68.23,2.243210877
197,50.90715048,92.06,1.808390356
198,42.15581644,91.4,2.168146835
199,52.93489861,92.98,1.756497177
200,46.31803629,91.49,1.975256452
201,29.24226254,85.45,2.922140511
202,61.47278549,92.06,1.497573264
203,24.65314835,84.48,3.426742857
204,30.84311633,81.62,2.646295502
205,56.13660619,91.8,1.635296578
206,55.92315902,92.86,1.660492748
207,28.28175027,65.6,2.319516981
208,57.52401281,91.47,1.590118553
209,32.44397012,87.31,2.691100987
210,47.38527215,91.3,1.926759009
211,44.82390608,93,2.074785714
212,41.83564568,89.57,2.140997194
213,29.5624333,91.57,3.097512274
214,55.92315902,92.37,1.651730725
215,42.58271078,92.63,2.17529599
216,43.32977588,91.9,2.12094335
217,41.19530416,80.57,1.95580544
218,53.25506937,91.1,1.710635271
219,29.88260406,86.86,2.906707857
220,58.27107791,92.16,1.581573626
221,47.27854856,91.38,1.932800451
222,37.1398079,89.86,2.419506322
223,34.89861259,87.99,2.52130367
224,55.38954109,91.76,1.656630443
225,36.28601921,82.39,2.270571471
226,51.97438634,90.3,1.737394251
227,30.09605123,78.41,2.605325177
228,64.88794023,92.82,1.430466118
229,55.60298826,92.33,1.660522265
230,37.24653148,87.55,2.350554441
231,31.37673426,81.96,2.612126531
232,28.60192102,82.32,2.878128358
233,26.25400213,81.92,3.120286179
234,55.06937033,93.15,1.691502907
235,30.41622199,84.16,2.766944561
236,34.68516542,88.8,2.560172308
237,57.31056564,93.3,1.627972067
238,30.94983991,65.26,2.108573103
239,53.25506937,91.35,1.715329659
240,52.08110993,90.24,1.732681967
241,29.77588047,75.89,2.548707168
242,49.83991462,90.97,1.825243897
243,26.57417289,87.26,3.283639357
244,54.74919957,92.09,1.682033723
245,35.00533618,87.8,2.508189024
246,26.46744931,83.07,3.138572177
247,56.35005336,92.05,1.633538826
248,26.68089648,80.29,3.0092692
249,51.86766275,93.78,1.808062963
250,28.92209178,66.41,2.296168635
251,55.2828175,92.87,1.679907143
252,45.03735326,91.56,2.032979147
253,44.82390608,90.83,2.026374048
254,37.56670224,91.04,2.423422727
255,54.64247599,92.83,1.698861523
256,51.97438634,92.16,1.773181109
257,54.85592316,92.5,1.686235409
258,52.2945571,93.43,1.786610408
259,27.21451441,87.86,3.228424314
260,47.17182497,92.15,1.953496606
261,54.00213447,94.1,1.742523715
262,58.69797225,91.06,1.551331273
263,54.74919957,92.56,1.690618324
264,44.7171825,90.33,2.020028878
265,62.00640342,91.38,1.473718761
266,32.12379936,89.45,2.784539867
267,37.1398079,67.19,1.809110057
268,59.55176094,91.61,1.538325627
269,51.65421558,93.6,1.812049587
270,57.20384205,92.95,1.624890858
271,18.35645678,78.5,4.276424419
272,43.00960512,91.13,2.118829032
273,50.58697972,92.58,1.83011519
274,49.09284952,89.96,1.832446087
275,56.45677695,93.58,1.657551229
276,54.96264674,92.48,1.682597282
277,54.5357524,93.04,1.706036791
278,58.80469584,92.56,1.574023956
279,27.74813234,67.57,2.435118846
280,35.96584845,89.5,2.48847181
281,37.24653148,92.36,2.479693983
282,43.75667022,91.41,2.089052927
283,56.24332978,92.9,1.651751423
284,34.47171825,87.92,2.550496594
285,29.98932764,89.78,2.993731673
286,56.56350053,92.97,1.643639434
287,58.59124867,92.21,1.573784517
288,48.98612593,92.22,1.882573856
289,52.18783351,93.42,1.790072393
290,53.68196371,92.76,1.727954672
291,34.36499466,87.34,2.541539752
292,55.70971185,91.75,1.646930077
293,56.13660619,92.17,1.641887643
294,33.08431163,92.69,2.80163
295,43.54322305,88.3,2.027870098
296,50.16008538,93.37,1.861440213
297,28.38847385,88.73,3.125564286
298,49.09284952,91.77,1.869315
299,20.38420491,88.07,4.320502094
300,31.91035219,91.11,2.855186288
301,35.96584845,91.07,2.532124332
302,58.69797225,93.65,1.595455455
303,52.50800427,93.76,1.78563252
304,53.0416222,93.48,1.762389537
305,55.2828175,91.38,1.652954826
306,34.36499466,91.29,2.656482298
307,52.61472785,92.39,1.755972211
308,51.86766275,90.96,1.753693827
309,58.16435432,91.69,1.576395046
310,55.38954109,90.85,1.640201349
311,60.83244397,93.24,1.532734737
312,56.56350053,93.25,1.648589623
313,54.85592316,92.95,1.694438716
314,55.06937033,92.81,1.685328876
315,50.26680896,93.37,1.85748811
316,30.20277481,82.35,2.726570671
317,59.1248666,92.71,1.568037365
318,52.2945571,91.57,1.751042653
319,56.88367129,93.07,1.636146154
320,27.00106724,88.02,3.259871146
321,24.226254,82.49,3.4049837
322,28.92209178,87.14,3.012921771
323,38.10032017,90.33,2.370846218
324,54.74919957,91.25,1.666691033
325,49.83991462,92.87,1.863365953
326,31.0565635,91.09,2.933035395
327,32.12379936,91.1,2.835903654
328,54.74919957,92.24,1.684773489
329,54.42902882,92.91,1.706993529
330,48.77267876,93.25,1.911931072
331,47.7054429,90.66,1.900412081
332,43.00960512,89.73,2.086278164
333,50.37353255,91.5,1.816430085
334,42.68943436,91.8,2.150415
335,56.0298826,94.04,1.678390095
336,49.09284952,92.38,1.881740435
337,50.05336179,92.81,1.854221109
338,57.84418356,91.1,1.574920664
339,43.9701174,88.28,2.007727184
340,28.49519744,78.98,2.771695131
341,56.77694771,92.03,1.620904323
342,59.44503735,92.74,1.560096589
343,54.64247599,92.07,1.68495293
344,58.91141942,92.45,1.569305254
345,54.21558164,91.85,1.694162402
346,58.27107791,93.72,1.608345055
347,50.58697972,93.42,1.846720253
348,49.09284952,90.56,1.844667826
349,24.226254,83.39,3.44213348
350,54.85592316,92.89,1.693344942
351,55.92315902,93.27,1.667824237
352,31.59018143,89.95,2.847403716
353,40.02134472,92.11,2.301521867
354,43.75667022,93.06,2.126761463
355,41.72892209,93.07,2.23034757
356,52.2945571,92.67,1.772077347
357,37.99359658,90.53,2.382769944
358,55.81643543,92.07,1.649514149
359,53.25506937,93.79,1.761146894
360,57.20384205,92.62,1.619122015
361,32.12379936,85.36,2.657219934
362,37.56670224,91.13,2.425818466
363,51.22732124,91.41,1.784399375
364,57.52401281,93.1,1.618454545
365,52.18783351,91.99,1.76267137
366,54.00213447,92.5,1.712895257
367,52.93489861,93.22,1.761031048
368,62.96691569,94.06,1.493800339
369,52.08110993,92.45,1.775115779
370,33.19103522,82.19,2.476271061
371,56.56350053,92.74,1.639573208
372,28.06830309,89.95,3.20468251
373,51.33404482,93.29,1.817312474
374,31.16328709,71.69,2.300463356
375,51.76093917,92.84,1.793630515
376,52.82817503,91.69,1.735626869
377,53.25506937,91.32,1.714766333
378,32.65741729,89.42,2.738122222
379,25.08004269,89.53,3.569770638
380,25.08004269,88.36,3.52312
381,41.40875133,91.52,2.210160825
382,54.32230523,93.17,1.715133399
383,33.2977588,89.76,2.695676923
384,57.31056564,92.7,1.617502793
385,27.10779082,90.72,3.34663937
386,60.83244397,91.47,1.503638421
387,27.53468517,87.87,3.191247674
388,54.5357524,91.98,1.6866
389,43.9701174,90.61,2.060717718
390,35.32550694,89.18,2.52452145
391,52.61472785,92.02,1.748939959
392,46.85165422,90.41,1.929707745
393,40.8751334,92.29,2.257851958
394,51.97438634,91.89,1.767986242
395,27.85485592,89.88,3.226726437
396,44.18356457,93.07,2.106439372
397,41.94236926,92.27,2.19992341
398,52.82817503,91.99,1.741305657
399,58.37780149,92.64,1.58690457
400,41.62219851,91.75,2.204352564
401,24.43970117,89.61,3.666575109
402,48.66595518,93.06,1.912219737
403,21.02454642,86.09,4.094737563
404,53.25506937,92.5,1.736923848
405,40.55496265,92.73,2.286526579
406,19.53041622,74.04,3.791009836
407,54.00213447,92.46,1.712154545
408,52.82817503,92.53,1.751527475
409,38.6339381,92.37,2.390903039
410,52.2945571,91.34,1.74664449
411,41.94236926,91.4,2.179180662
412,28.92209178,89.44,3.092445756
413,59.97865528,92.97,1.550051423
414,27.64140875,86.85,3.142025097
415,45.67769477,92.58,2.026809813
416,23.69263607,84.28,3.557223423
417,59.01814301,91.99,1.558673237
418,54.32230523,91.39,1.682366012
419,48.87940235,91.16,1.864998253
420,33.61792956,65.16,1.938251429
421,59.8719317,89.89,1.501371301
422,22.30522946,65.44,2.933841148
423,55.60298826,91.38,1.643436852
424,51.01387407,93.41,1.831070502
425,53.14834578,93.31,1.755652008
426,53.46851654,93.58,1.750188822
427,55.17609392,93.9,1.701823985
428,28.92209178,88.39,3.056141328
429,51.547492,93.22,1.8084294
430,34.68516542,86.01,2.479734462
431,37.99359658,90.09,2.371189045
432,52.2945571,91.56,1.750851429
433,51.97438634,91.71,1.764522998
434,51.76093917,93.32,1.802903918
435,55.06937033,91.69,1.664990891
436,51.76093917,90.48,1.748036289
437,48.98612593,92.38,1.885840087
438,40.76840982,90.52,2.220346597
439,57.09711846,92.58,1.62144785
440,55.17609392,90.54,1.640928046
441,52.61472785,91.61,1.741147465
442,56.24332978,92.37,1.642328083
443,31.8036286,85.72,2.695289933
444,54.00213447,93.99,1.740486759
445,57.52401281,92.43,1.606807236
446,56.24332978,92.98,1.653173814
447,41.51547492,91.64,2.207369666
448,59.76520811,93.72,1.568136429
449,60.40554963,91.66,1.517410247
450,61.79295624,92.97,1.504540415
451,54.74919957,92.87,1.696280507
452,29.77588047,87.7,2.945336918
453,55.06937033,92.21,1.674433527
454,53.68196371,91.92,1.712306958
455,56.45677695,92.48,1.638067297
456,60.83244397,92.45,1.519748246
457,39.70117396,91.53,2.305473387
458,57.31056564,91.94,1.604241713
459,54.96264674,91.98,1.673500194
460,56.0298826,92.51,1.651083238
461,57.31056564,93.46,1.630763873
462,59.44503735,92.87,1.562283483
463,56.99039488,92.46,1.622378652
464,46.31803629,92.68,2.000948387
465,37.99359658,90.31,2.376979494
466,27.85485592,88.3,3.170003831
467,55.38954109,92.99,1.678836802
468,60.19210245,92.41,1.535251241
469,52.50800427,93.05,1.772110772
470,57.84418356,93.54,1.617102952
471,27.00106724,87.07,3.224687352
472,38.84738527,91.16,2.346618681
473,22.7321238,47.99,2.11110939
474,55.06937033,91.75,1.666080426
475,23.90608324,87.22,3.64844375
476,59.97865528,92.88,1.54855089
477,56.56350053,92.63,1.637628491
478,50.48025614,91.63,1.815165116
479,42.68943436,91.16,2.135423
480,55.2828175,92.67,1.676289382
481,30.20277481,91.68,3.035482686
482,29.24226254,88.92,3.04080438
483,51.86766275,92.56,1.784541564
484,61.04589114,94.14,1.542118531
485,30.73639274,88.83,2.890059375
486,49.73319104,92.51,1.860125966
487,53.89541089,92.48,1.71591604
488,60.6189968,91.04,1.501839437
489,38.74066169,92.23,2.380702755
490,64.99466382,93.44,1.437656486
491,28.8153682,87.36,3.031715556
492,27.42796158,82.91,3.022827626
493,53.25506937,92.51,1.737111623
494,28.70864461,89.75,3.126236059
495,69.58377801,90.16,1.295704294
496,63.71398079,92.57,1.45289933
497,56.35005336,93.55,1.660158144
498,32.23052295,89.5,2.776870861
499,27.85485592,9.77,0.350746743
500,48.02561366,93.56,1.948127111
501,53.7886873,91.72,1.70519127
502,23.58591249,85.93,3.643276471
503,27.85485592,87.52,3.142001533
504,29.24226254,86.41,2.954969708
505,32.44397012,89.53,2.759526645
506,56.56350053,92.36,1.632855094
507,60.93916756,91.75,1.505599825
508,55.70971185,92.5,1.66039272
509,55.92315902,94.12,1.683023664
510,60.51227321,92.22,1.52398836
511,27.64140875,68.28,2.47020695
512,34.57844184,88.74,2.566338889
513,54.74919957,93.12,1.700846784
514,42.68943436,92.28,2.161659
515,50.48025614,90.94,1.801496406
516,49.41302028,91.76,1.857000432
517,35.85912487,91.44,2.549978571
518,56.88367129,92.19,1.620675985
519,40.98185699,89.61,2.186577344
520,52.2945571,91.01,1.740334082
521,59.44503735,91.21,1.534358528
522,26.14727855,86.29,3.300152245
523,53.89541089,92.59,1.71795703
524,56.77694771,90.67,1.59695094
525,45.89114194,91.52,1.994284651
526,54.21558164,91.48,1.687337795
527,23.90608324,82.48,3.450167857
528,52.50800427,92.92,1.769634959
529,52.72145144,91.8,1.741226721
530,35.32550694,71.76,2.031393353
531,51.33404482,93.61,1.823546154
532,43.32977588,92.95,2.145176108
533,27.85485592,90.22,3.238932567
534,51.33404482,91.77,1.787702495
535,30.09605123,55.8,1.85406383
536,53.68196371,92.42,1.721621074
537,43.54322305,93.8,2.154181373
538,54.85592316,92.51,1.686417704
539,24.43970117,90.54,3.704627948
540,55.49626467,92.34,1.663895769
541,34.04482391,91.27,2.680877429
542,24.54642476,81.1,3.303943478
543,34.57844184,88.83,2.568941667
544,37.03308431,90.58,2.445921037
545,58.69797225,93.45,1.592048182
546,55.49626467,92.41,1.665157115
547,49.30629669,90.68,1.839116017
548,46.85165422,92.22,1.968340319
549,54.42902882,91.92,1.688804706
550,19.95731057,83.13,4.165390909
551,65.31483458,93.35,1.429231209
552,61.89967983,92.73,1.498069138
553,24.86659552,84.85,3.412208155
554,31.37673426,88.7,2.826935374
555,50.48025614,93.45,1.851218816
556,38.31376734,92.64,2.417929805
557,53.46851654,93.02,1.739715369
558,37.886873,91.45,2.413764789
559,61.25933831,91.67,1.496424913
560,51.86766275,93.53,1.803243004
561,25.61366062,32.91,1.28486125
562,59.65848453,92.66,1.553173882
563,40.98185699,93.21,2.274421094
564,62.21985059,92.23,1.482324357
565,53.7886873,91.92,1.708909524
566,23.15901814,88.83,3.835654839
567,55.17609392,91.32,1.655064603
568,45.35752401,93.26,2.056108706
569,53.14834578,92.16,1.734014458
570,54.10885806,93.21,1.722638462
571,46.53148346,91.83,1.973502523
572,56.99039488,92.56,1.624133333
573,47.59871932,91.36,1.919379372
574,64.03415155,92.96,1.451725333
575,43.11632871,93.35,2.16507302
576,53.46851654,92.32,1.726623553
577,54.21558164,90.85,1.67571752
578,48.66595518,92.61,1.902973026
579,37.56670224,92.69,2.467344602
580,54.10885806,91.34,1.688078501
581,35.96584845,81.6,2.268818991
582,56.0298826,90.74,1.619492952
583,57.41728922,91.56,1.594641636
584,41.08858058,90.64,2.205965714
585,65.31483458,91.63,1.402897222
586,36.07257204,89.06,2.468911834
587,47.7054429,90.76,1.902508277
588,48.452508,92.94,1.91816696
589,41.51547492,91.83,2.211946272
590,23.58591249,86.98,3.68779457
591,35.21878335,89.53,2.542109394
592,56.35005336,92.17,1.635668371
593,42.68943436,90.95,2.13050375
594,25.82710779,80.66,3.123075207
595,53.57524013,92.09,1.718891036
596,57.41728922,93.37,1.626165242
597,54.21558164,93.73,1.72883878
598,56.45677695,92.01,1.629742344
599,41.19530416,91.99,2.233021503
600,32.01707577,58.39,1.823714333
601,28.38847385,9.73,0.342744737
602,41.62219851,91.77,2.204833077
603,56.56350053,93.22,1.648059245
604,53.36179296,91.17,1.7085258
605,58.69797225,92.46,1.575182182
606,57.73745998,92.58,1.603465065
607,51.01387407,94,1.842635983
608,50.48025614,93.76,1.857359831
609,57.41728922,93.33,1.625468587
610,57.31056564,92.82,1.619596648
611,53.68196371,91.72,1.708581312
612,25.18676628,79.04,3.138155932
613,57.09711846,91.49,1.60235757
614,29.88260406,74.44,2.491081429
615,53.36179296,93.58,1.7536892
616,53.7886873,93.46,1.737540079
617,58.27107791,90.44,1.55205641
618,60.83244397,92.28,1.516953684
619,62.64674493,92.39,1.474777342
620,53.46851654,92.43,1.728680838
621,28.49519744,89.78,3.150706367
622,54.85592316,92.49,1.686053113
623,31.0565635,88.57,2.851893127
624,28.70864461,79.03,2.752829368
625,22.62540021,74.13,3.276406132
626,54.32230523,93.55,1.722128684
627,29.45570971,90.6,3.075804348
628,38.95410886,89.65,2.301426027
629,42.90288154,91.12,2.123866667
630,62.00640342,92.37,1.489684854
631,29.5624333,72.21,2.442627076
632,36.07257204,91.58,2.538771006
633,28.60192102,75.86,2.652269403
634,46.85165422,93.03,1.985628929
635,30.41622199,84.59,2.781081754
636,17.71611526,80.38,4.537112048
637,38.74066169,89.91,2.320817355
638,53.89541089,91.68,1.701072475
639,30.62966916,74.95,2.446973868
640,53.0416222,92.68,1.747307042
641,56.88367129,92.45,1.625246717
642,41.30202775,91.97,2.226767183
643,54.85592316,92.76,1.690975097
644,45.57097118,91.61,2.01027096
645,54.21558164,92.43,1.704860433
646,57.41728922,89.74,1.562943866
647,52.72145144,92.78,1.75981498
648,53.89541089,91.95,1.706082178
649,24.33297759,81.17,3.335802193
650,30.84311633,89.9,2.914750865
651,55.17609392,92.05,1.668294971
652,29.77588047,86.76,2.913767742
653,55.06937033,92.34,1.676794186
654,54.32230523,93.45,1.720287819
655,61.25933831,91.42,1.492343902
656,48.87940235,91.14,1.864589083
657,37.03308431,89.88,2.42701902
658,56.24332978,90.23,1.604279127
659,53.68196371,91.58,1.70597336
660,52.50800427,92.09,1.753827846
661,51.65421558,92.78,1.796174793
662,30.62966916,89.98,2.937674564
663,55.17609392,92.4,1.674638298
664,45.57097118,91.99,2.018609602
665,29.34898613,69.77,2.377254182
666,26.25400213,76.95,2.930981707
667,19.95731057,56.75,2.843569519
668,39.27427962,90.54,2.305325543
669,60.40554963,91.13,1.508636219
670,47.91889007,92.3,1.926171492
671,46.74493063,92.94,1.988236986
672,56.88367129,91.79,1.61364409
673,27.96157951,78.07,2.79204542
674,36.17929562,73.29,2.025744248
675,42.26254002,90.02,2.130018687
676,42.90288154,90.24,2.103355224
677,31.37673426,88.59,2.823429592
678,27.10779082,81.54,3.007991339
679,55.17609392,90.55,1.641109284
680,47.27854856,91.75,1.940626411
681,60.83244397,90.12,1.481446316
682,58.16435432,94.31,1.621439817
683,31.59018143,89.76,2.841389189
684,29.66915688,90.29,3.043227698
685,34.79188901,90.81,2.610091104
686,45.03735326,89.97,1.997675118
687,28.06830309,78.63,2.801380608
688,61.79295624,93.45,1.51230829
689,54.5357524,91.5,1.677798434
690,27.96157951,90.98,3.253750382
691,58.05763074,93.01,1.60202886
692,56.13660619,93.35,1.662907795
693,32.01707577,89.52,2.796008
694,57.52401281,91.83,1.596376809
695,59.65848453,92.31,1.547307156
696,25.29348986,79.98,3.162078481
697,56.35005336,91.95,1.631764205
698,46.2113127,92.69,2.005785912
699,59.55176094,94.5,1.586854839
700,30.52294557,88.85,2.910924825
701,53.0416222,93.04,1.754094165
702,55.92315902,90.5,1.618291985
703,57.31056564,93.25,1.627099628
704,50.80042689,92.02,1.811402101
705,55.06937033,92.29,1.67588624
706,27.42796158,56.19,2.0486393
707,29.24226254,86.56,2.96009927
708,55.60298826,92.77,1.668435509
709,43.32977588,90.12,2.079863054
710,55.49626467,93.4,1.682996154
711,32.97758805,89.16,2.703654369
712,32.87086446,89.07,2.709694481
713,56.45677695,93.36,1.653654442
714,29.88260406,80,2.677142857
715,46.74493063,92.24,1.9732621
716,51.65421558,92.73,1.795206818
717,57.63073639,91.86,1.593941111
718,26.36072572,90.17,3.420619028
719,55.81643543,90.57,1.622640344
720,40.34151547,89.59,2.220789153
721,57.84418356,92.45,1.598259225
722,44.18356457,79.63,1.802253865
723,54.10885806,91.44,1.689926627
724,31.0565635,89.85,2.893108247
725,29.98932764,91.16,3.039748043
726,57.31056564,91.29,1.5929
727,30.73639274,49.79,1.619903819
728,55.06937033,92.17,1.673707171
729,25.82710779,89.87,3.479677273
730,46.53148346,91.83,1.973502523
731,27.53468517,79.36,2.882182946
732,26.68089648,88.56,3.3192288
733,47.7054429,92.8,1.945270694
734,59.55176094,92.09,1.546385842
735,44.61045891,92.8,2.080229665
736,30.41622199,88.58,2.912261754
737,31.27001067,81.33,2.600894539
738,28.60192102,91.03,3.182653358
739,58.37780149,91.36,1.564978428
740,44.29028815,92.07,2.078785301
741,56.0298826,92.61,1.652868
742,31.69690502,19.52,0.615832997
743,49.62646745,92.16,1.857073548
744,55.49626467,92.96,1.675067692
745,54.10885806,92.97,1.718202959
746,51.97438634,91.75,1.765292608
747,28.06830309,89.18,3.17724943
748,49.09284952,92.56,1.885406957
749,59.01814301,91.71,1.553928933
750,42.36926361,91.48,2.159112343
751,51.33404482,92.87,1.809130769
752,53.7886873,91.25,1.696453373
753,53.57524013,92.05,1.718144422
754,53.68196371,90.94,1.694051292
755,56.0298826,92.09,1.643587238
756,46.10458911,92.11,1.997848843
757,61.04589114,93.02,1.523771678
758,38.84738527,87.28,2.246740659
759,51.97438634,92.74,1.784340452
760,57.20384205,92.4,1.615276119
761,50.58697972,91.55,1.809754219
762,56.0298826,92.96,1.659114667
763,40.98185699,90.93,2.218786719
764,30.09605123,87.35,2.902374113
765,56.56350053,91.61,1.61959566
766,32.5506937,88.97,2.733275082
767,53.89541089,90.72,1.683260198
768,54.32230523,91.19,1.678684283
769,51.22732124,91.8,1.7920125
770,49.51974386,89.71,1.811600647
771,31.91035219,91.68,2.873048829
772,60.51227321,93.49,1.544975838
773,19.95731057,80.76,4.046637433
774,22.7321238,80.8,3.554441315
775,50.37353255,92.7,1.840252119
776,29.45570971,91.39,3.102624275
777,28.8153682,87.11,3.02303963
778,51.33404482,91.8,1.788286902
779,45.14407684,90.77,2.010673522
780,50.05336179,91.84,1.834841791
781,27.10779082,91.8,3.386480315
782,54.00213447,91.29,1.690488735
783,52.50800427,90.07,1.71535752
784,56.45677695,93.06,1.648340643
785,57.20384205,92.33,1.614052425
786,41.19530416,92.3,2.240546632
787,55.2828175,93.28,1.687323552
788,40.66168623,90.1,2.215845144
789,34.89861259,77.51,2.221005199
790,37.03308431,90.66,2.448081268
791,51.76093917,92.3,1.783197938
792,56.56350053,92.83,1.64116434
793,50.26680896,94.22,1.874397877
794,49.51974386,90.4,1.825534483
795,38.74066169,90.9,2.346371901
796,54.64247599,93.61,1.713136133
797,53.14834578,91.78,1.726864659
798,49.73319104,92.84,1.866761373
799,50.69370331,91.4,1.802985263
800,48.34578442,90.18,1.865312583
801,42.26254002,91.15,2.156756313
802,18.89007471,77.44,4.099507345
803,62.75346852,90.57,1.443266837
804,54.32230523,91.62,1.6866
805,60.93916756,92.03,1.510194571
806,30.73639274,83.45,2.715022569
807,54.74919957,92.24,1.684773489
808,39.16755603,88.3,2.254416894
809,38.84738527,89.99,2.316500824
810,55.60298826,90.6,1.629408829
811,59.44503735,92.07,1.548825673
812,29.98932764,79.07,2.636604626
813,53.46851654,93.26,1.744203992
814,31.0565635,78.74,2.535373883
815,52.61472785,92.9,1.765665314
816,30.41622199,89.56,2.944481404
817,38.20704376,91.86,2.404268715
818,59.44503735,92.61,1.557909695
819,26.04055496,84.51,3.245322541
820,58.80469584,93.76,1.59443049
821,34.36499466,75.7,2.202822981
822,56.24332978,92.8,1.649973435
823,29.88260406,72.17,2.4151175
824,29.45570971,90.83,3.083612681
825,44.29028815,90.93,2.053046024
826,28.38847385,65.76,2.316433083
827,52.2945571,93.45,1.786992857
828,25.61366062,20.33,0.793717083
829,31.69690502,81.39,2.567758586
830,58.59124867,92.42,1.57736867
831,31.0565635,86.2,2.775580756
832,22.7321238,87.88,3.865894836
833,32.23052295,88.17,2.735605629
834,51.65421558,93.37,1.807596901
835,55.49626467,90.84,1.636866923
836,41.62219851,91.79,2.20531359
837,19.95731057,88.08,4.413420321
838,46.31803629,89.4,1.930133641
839,58.37780149,92.98,1.592728702
840,54.32230523,91.55,1.685311395
841,54.64247599,92.94,1.700874609
842,54.21558164,93.94,1.732712205
843,58.27107791,93.26,1.600450916
844,32.5506937,89.25,2.741877049
845,29.02881537,91.07,3.137227574
846,32.87086446,91.81,2.793050974
847,54.42902882,93.51,1.718017059
848,23.79935966,75.84,3.186640359
849,24.75987193,38.56,1.557358621
850,56.13660619,91.07,1.622292586
851,57.52401281,91.15,1.584555659
852,52.40128068,90.6,1.728965377
853,28.8153682,87.47,3.035532963
854,55.92315902,91.96,1.644399237
855,50.69370331,93.34,1.841254316
856,31.8036286,74.53,2.343443289
857,41.30202775,92.93,2.250010594
858,32.97758805,90.63,2.748230097
859,39.91462113,89.36,2.23877861
860,38.52721451,90.35,2.345095568
861,56.13660619,91.94,1.637790494
862,57.09711846,93.12,1.630905421
863,29.77588047,89.92,3.019893907
864,45.99786553,93.27,2.027702784
865,51.33404482,92.44,1.800754262
866,50.48025614,91.98,1.82209852
867,38.52721451,90.96,2.360928532
868,59.33831377,90.43,1.523973201
869,52.50800427,92.22,1.756303659
870,55.38954109,91.7,1.655547206
871,41.19530416,81.11,1.968913731
872,26.68089648,87.72,3.2877456
873,46.42475987,91.4,1.968777011
874,26.89434365,87.67,3.259793254
875,53.0416222,91.96,1.733732797
876,49.94663821,93.78,1.877603846
877,52.61472785,92.08,1.750080325
878,52.82817503,94.06,1.780489293
879,38.31376734,90.65,2.365990251
880,54.42902882,92.92,1.707177255
881,57.63073639,90.98,1.578671481
882,56.88367129,93.11,1.636849343
883,25.93383138,87.11,3.358932922
884,39.80789755,90.72,2.278944772
885,61.15261473,93.66,1.53157801
886,20.4909285,86.67,4.229676563
887,57.84418356,92.2,1.593937269
888,24.9733191,11.33,0.453684188
889,55.81643543,92.22,1.65220153
890,58.27107791,92.97,1.595474176
891,61.47278549,92.69,1.507821701
892,50.48025614,92.13,1.825069979
893,46.31803629,91.79,1.98173341
894,58.69797225,92.85,1.581826364
895,55.70971185,91.3,1.63885249
896,45.25080043,90.1,1.991125
897,25.82710779,56.99,2.206596281
898,47.91889007,91.05,1.900085746
899,27.53468517,89.73,3.258798837
900,48.87940235,92.94,1.90141441
901,53.25506937,92.33,1.733731663
902,31.48345784,83.96,2.666797288
903,28.70864461,89.47,3.1164829
904,55.06937033,91.78,1.666625194
905,59.8719317,92.17,1.539452585
906,30.41622199,89.52,2.943166316
907,54.21558164,93.15,1.718140748
908,31.37673426,89.47,2.85147585
909,58.05763074,93.41,1.608918566
910,53.25506937,92.35,1.734107214
911,58.05763074,93.02,1.602201103
912,30.20277481,90.38,2.992440283
913,51.86766275,92.15,1.776636831
914,45.4642476,90.38,1.987935681
915,57.95090715,91.37,1.576679374
916,48.02561366,91.75,1.910438889
917,35.96584845,74.2,2.063068249
918,56.0298826,93.27,1.664647429
919,22.7321238,88.67,3.900647418
920,58.37780149,92.89,1.59118702
921,30.09605123,88.39,2.936930142
922,57.20384205,91.97,1.607759142
923,58.16435432,92.61,1.592212294
924,56.35005336,93.66,1.662110227
925,54.21558164,93.22,1.71943189
926,26.78762006,88.33,3.297418725
927,63.18036286,93.08,1.473242568
928,38.74066169,90.96,2.347920661
929,48.02561366,91.6,1.907315556
930,57.09711846,93.13,1.631080561
931,49.30629669,93.11,1.888399784
932,41.30202775,91.92,2.225556589
933,56.13660619,92.56,1.648834981
934,31.37673426,88.35,2.815780612
935,36.71291355,85.99,2.342227616
936,29.5624333,10.08,0.340973285
937,35.53895411,90.31,2.541155255
938,41.94236926,90.41,2.155576845
939,48.13233725,93.9,1.950871397
940,56.24332978,92.33,1.641616888
941,47.91889007,90.95,1.897998886
942,54.74919957,93.29,1.703951852
943,27.42796158,76.09,2.774176265
944,45.03735326,89.52,1.987683412
945,53.46851654,91.4,1.709417166
946,65.74172892,92.74,1.410671753
947,27.85485592,86.75,3.114358238
948,26.78762006,89.74,3.35005498
949,31.27001067,85.24,2.725934471
950,58.48452508,92.23,1.576998358
951,53.46851654,92.21,1.724566267
952,35.64567769,90.29,2.532985928
953,43.22305229,91.24,2.110910617
954,46.31803629,93.23,2.012822811
955,63.50053362,92.93,1.463452269
956,61.15261473,92.16,1.507049215
957,31.8036286,88.31,2.776727181
958,51.12059765,93.32,1.825487265
959,38.52721451,88.75,2.303566482
960,52.82817503,92.07,1.74282
961,56.45677695,92.12,1.631690737
962,34.79188901,88.6,2.546570552
963,48.02561366,92.46,1.925222667
964,34.15154749,88.98,2.605445625
965,42.15581644,89.99,2.134699494
966,27.42796158,83.17,3.032307004
967,52.82817503,92.12,1.743766465
968,34.68516542,90.3,2.603418462
969,55.81643543,92.14,1.65076826
970,52.61472785,91.93,1.747229412
971,46.85165422,90.8,1.938031891
972,39.27427962,90.42,2.302270109
973,34.47171825,82.86,2.403709598
974,50.69370331,89.28,1.761165474
975,41.94236926,92.53,2.206122392
976,57.84418356,92.52,1.599469373
977,37.78014941,91.22,2.41449548
978,56.13660619,92.68,1.650972624
979,54.32230523,93.3,1.717526523
980,56.13660619,92.76,1.652397719
981,37.35325507,57.94,1.551136571
982,50.16008538,92.8,1.850076596
983,51.33404482,93.58,1.822961746
984,54.96264674,92.01,1.674046019
985,53.89541089,93.47,1.73428495
986,54.96264674,93.48,1.700791456
987,31.48345784,90.27,2.86722
988,30.84311633,89.21,2.892379585
989,25.18676628,88.92,3.530425424
990,57.63073639,92.53,1.605566852
991,55.70971185,92.01,1.651597126
992,30.94983991,68.82,2.223597931
993,53.7886873,92.08,1.711884127
994,53.57524013,93.33,1.742036056
995,45.57097118,92.66,2.033311944
996,44.61045891,90.95,2.038759569
997,36.60618997,90.39,2.469254519
998,44.50373533,92.19,2.071511511
999,17.50266809,34.7,1.982554878
max,127,23,636
min,999,601,936
