,abs_time,id,queue_byte,queue_size,time,train_loss,train_time
1,1650955645.08597,1,17.5,112,271.518915176392,0.778387665748596,0.073153018951416
2,1650955645.71108,2,17.65625,113,272.144030094147,0.161250710487366,0.128257036209106
3,1650955646.16511,3,17.8125,114,272.598056077957,0.207652390003204,0.204296112060547
4,1650955646.62365,4,17.96875,115,273.056593179703,0.092576876282692,0.262033224105835
5,1650955647.02608,5,18.125,116,273.459030151367,0.203347653150558,0.315792322158813
6,1650955647.48536,6,18.28125,117,273.918310165405,0.270499497652054,0.380832195281982
7,1650955647.89767,7,18.4375,118,274.330617189407,0.233882963657379,0.433467388153076
8,1650955648.32932,8,18.59375,119,274.762265205383,0.249381273984909,0.497835397720337
9,1650955648.6858,9,18.75,120,275.118743181229,0.204399466514587,0.54985237121582
10,1650955649.10364,10,18.90625,121,275.536590099335,0.381852865219116,0.599104166030884
11,1650955649.50702,11,19.0625,122,275.939963102341,0.197933897376061,0.677467107772827
12,1650955649.95055,12,19.21875,123,276.383495092392,0.31339031457901,0.730808019638062
13,1650955650.341,13,19.375,124,276.773941993713,0.375738859176636,0.786618947982788
14,1650955650.77366,14,19.53125,125,277.206603050232,0.319422751665115,0.837977886199951
15,1650955651.19728,15,19.6875,126,277.630228996277,0.351082265377045,0.906615972518921
16,1650955651.62679,16,19.84375,127,278.059741020203,0.381471544504166,0.964518785476685
17,1650955652.0336,17,20,128,278.466546058655,0.202072128653526,1.03016972541809
18,1650955652.43255,18,20.15625,129,278.865499019623,0.241662830114365,1.07792472839355
19,1650955652.75155,19,20.3125,130,279.184497117996,0.335905611515045,1.13825178146362
20,1650955653.21444,20,20.46875,131,279.647391080856,0.217589169740677,1.19562792778015
21,1650955653.64914,21,20.625,132,280.082082033157,0.334954887628555,1.24435591697693
22,1650955654.06264,22,20.78125,133,280.495589017868,0.351222634315491,1.2935779094696
23,1650955654.45979,23,20.9375,134,280.892733097076,0.246749714016914,1.3516628742218
24,1650955654.89968,24,21.09375,135,281.332627058029,0.306354463100433,1.41941976547241
25,1650955655.29118,25,21.25,136,281.724132061005,0.265862554311752,1.47768473625183
26,1650955655.67844,26,21.40625,137,282.111392021179,0.243829920887947,1.53290271759033
27,1650955656.08667,27,21.5625,138,282.519616127014,0.227653935551643,1.59050679206848
28,1650955656.51201,28,21.71875,139,282.944957017899,0.276596486568451,1.64002275466919
29,1650955656.94096,29,21.875,140,283.37390422821,0.254807829856873,1.69931173324585
30,1650955657.31109,30,22.03125,141,283.744037151337,0.289798498153686,1.74932789802551
31,1650955657.76199,31,22.1875,142,284.194937229156,0.237842887639999,1.81222796440125
32,1650955658.15529,32,22.34375,143,284.588239192963,0.218584284186363,1.87082290649414
33,1650955658.56865,33,22.5,144,285.001596212387,0.252580761909485,1.93769001960754
34,1650955658.99617,34,22.65625,145,285.429112195969,0.207461521029472,1.98804187774658
35,1650955659.4309,35,22.8125,146,285.863847017288,0.179237589240074,2.04054188728333
36,1650955659.82901,36,22.96875,147,286.261961221695,0.249032229185104,2.10083985328674
37,1650955660.22578,37,23.125,148,286.658723115921,0.173832520842552,2.14913177490234
38,1650955660.62414,38,23.28125,149,287.057086229324,0.194885686039925,2.20075273513794
39,1650955661.02984,39,23.4375,150,287.462789058685,0.168608382344246,2.25673294067383
40,1650955661.44539,40,23.59375,151,287.878336191177,0.15266415476799,2.31490111351013
41,1650955661.89037,41,23.75,152,288.323320150375,0.142379581928253,2.37067723274231
42,1650955662.3061,42,23.90625,153,288.739047050476,0.160094320774078,2.4169750213623
43,1650955662.7201,43,24.0625,154,289.153051137924,0.143345832824707,2.46835112571716
44,1650955663.13357,44,24.21875,155,289.566514015198,0.128523319959641,2.52784419059753
45,1650955663.54507,45,24.375,156,289.978022098541,0.138189986348152,2.57685017585754
46,1650955663.96092,46,24.53125,157,290.393866062164,0.139704495668411,2.62570834159851
47,1650955664.3816,47,24.6875,158,290.81454706192,0.116070277988911,2.6738612651825
48,1650955664.7892,48,24.84375,159,291.222144126892,0.1331886947155,2.72527027130127
49,1650955665.21574,49,25,160,291.648684024811,0.14416316151619,2.77946209907532
50,1650955665.62847,50,25.15625,161,292.061419010162,0.160169094800949,2.83092212677002
51,1650955666.02605,51,25.3125,162,292.458997011185,0.244309663772583,2.89099311828613
52,1650955666.47976,52,25.46875,163,292.912708997726,0.191792696714401,2.95762205123901
53,1650955666.93424,53,25.625,164,293.367191076279,0.128854259848595,3.02799391746521
54,1650955667.40934,54,25.78125,165,293.842289209366,0.310877799987793,3.09931898117065
55,1650955667.75633,55,25.9375,166,294.189280033112,0.137766018509865,3.15619802474976
56,1650955668.1667,56,26.09375,167,294.599651098251,0.279801696538925,3.22287583351135
57,1650955668.50141,57,26.25,168,294.934359073639,0.149613678455353,3.27076578140259
58,1650955668.88901,58,26.40625,169,295.321961164474,0.243889108300209,3.32715082168579
59,1650955669.30625,59,26.5625,170,295.739202022552,0.235047534108162,3.37808775901794
60,1650955669.77529,60,26.71875,171,296.208239078522,0.161024406552315,3.44613885879517
61,1650955670.19465,61,26.875,172,296.627602100372,0.213941380381584,3.51037287712097
62,1650955670.61685,62,27.03125,173,297.049799203873,0.217145636677742,3.56198287010193
63,1650955671.01387,63,27.1875,174,297.446821212769,0.225094586610794,3.62140583992004
64,1650955671.42962,64,27.34375,175,297.862565040588,0.23611307144165,3.67892789840698
65,1650955671.86567,65,27.5,176,298.298617124557,0.206439167261124,3.73142099380493
66,1650955672.25673,66,27.65625,177,298.689673185348,0.158578082919121,3.78393387794495
67,1650955672.63599,67,27.8125,178,299.068936109543,0.152529299259186,3.8293559551239
68,1650955673.02401,68,27.96875,179,299.456960201263,0.111782871186733,3.8763120174408
69,1650955673.45313,69,28.125,180,299.886081218719,0.103585034608841,3.92376303672791
70,1650955673.82195,70,28.28125,181,300.254897117615,0.11449184268713,3.99023413658142
71,1650955674.18964,71,28.4375,182,300.622585058212,0.101711042225361,4.05449795722961
72,1650955674.58948,72,28.59375,183,301.022430181503,0.083144970238209,4.12280607223511
73,1650955675.00596,73,28.75,184,301.43891119957,0.150299936532974,4.19505405426025
74,1650955675.4242,74,28.90625,185,301.857143163681,0.104394741356373,4.26540994644165
75,1650955675.81998,75,29.0625,186,302.252927064896,0.120206125080585,4.32996201515198
76,1650955676.27997,76,29.21875,187,302.712920188904,0.160647705197334,4.38556504249573
77,1650955676.73639,77,29.375,188,303.16934299469,0.142457291483879,4.44634008407593
78,1650955677.13222,78,29.53125,189,303.565170049667,0.130522891879082,4.50315403938293
79,1650955677.53442,79,29.6875,190,303.967365026474,0.090044602751732,4.56223893165588
80,1650955677.95439,80,29.84375,191,304.387337207794,0.094102680683136,4.61476993560791
81,1650955678.35793,81,30,192,304.790879011154,0.128986611962318,4.67063212394714
82,1650955678.78484,82,30.15625,193,305.217790126801,0.106806881725788,4.72359919548035
83,1650955679.19685,83,30.3125,194,305.629795074463,0.131170868873596,4.77355813980103
84,1650955679.63342,84,30.46875,195,306.066371202469,0.094192989170551,4.83583807945251
85,1650955680.08319,85,30.625,196,306.516132116318,0.100274950265884,4.91231918334961
86,1650955680.53257,86,30.78125,197,306.965516090393,0.090585790574551,4.99170017242432
87,1650955680.92277,87,30.9375,198,307.355713129044,0.097117945551872,5.04218006134033
88,1650955681.33311,88,31.09375,199,307.766060113907,0.084709718823433,5.11262702941895
89,1650955681.73658,89,31.25,200,308.169523000717,0.078359469771385,5.17338418960571
90,1650955682.16387,90,31.40625,201,308.596819162369,0.051253132522106,5.23177909851074
91,1650955682.62729,91,31.5625,202,309.060234069824,0.063192963600159,5.30453014373779
92,1650955682.99664,92,31.71875,203,309.429588079452,0.087631702423096,5.35417723655701
93,1650955683.42277,93,31.875,204,309.855715036392,0.051226355135441,5.40773415565491
94,1650955800.69216,94,32.03125,205,427.125104188919,0.06263031065464,5.4770450592041
95,1650955801.11263,95,32.1875,206,427.545581102371,0.931212544441223,5.52160000801086
96,1650955801.5047,96,32.34375,207,427.937652111053,0.911918342113495,5.56530523300171
97,1650955801.89821,97,32.5,208,428.331160068512,0.959156095981598,5.61192607879639
98,1650955802.33655,98,32.65625,209,428.769499063492,1.73971700668335,5.66565918922424
99,1650955802.73014,99,32.8125,210,429.163083076477,0.047776028513908,5.71438813209534
100,1650955803.15296,100,32.96875,211,429.585908174515,0.060763858258724,5.76703691482544
101,1650955803.57292,101,33.125,212,430.005867004395,3.16196274757385,5.81411194801331
102,1650955803.98874,102,33.28125,213,430.421688079834,3.72688841819763,5.86144399642944
103,1650955804.39414,103,33.4375,214,430.827088117599,1.46278524398804,5.91116094589233
104,1650955804.81291,104,33.59375,215,431.245853185654,1.33806538581848,5.96181797981262
105,1650955805.2395,105,33.75,216,431.67245221138,1.0883584022522,6.01438593864441
106,1650955805.65321,106,33.90625,217,432.086159229279,1.40695798397064,6.0765528678894
107,1650955806.03327,107,34.0625,218,432.466215133667,1.91512441635132,6.12444186210632
108,1650955806.47579,108,34.21875,219,432.908733129501,3.11126279830933,6.18040680885315
109,1650955806.92343,109,34.375,220,433.356376171112,1.62569880485535,6.23804974555969
110,1650955807.34385,110,34.53125,221,433.776796102524,1.17594039440155,6.31100082397461
111,1650955807.70122,111,34.6875,222,434.134166002274,0.823770403862,6.35798978805542
112,1650955808.09146,112,34.84375,223,434.524410009384,0.848416864871979,6.41335868835449
113,1650955808.53636,113,35,224,434.969303131104,0.496597468852997,6.46609568595886
114,1650955808.94686,114,35.15625,225,435.379805088043,0.358519375324249,6.51402878761292
115,1650955809.36936,115,35.3125,226,435.802312135696,1.23308742046356,6.56074571609497
116,1650955809.7978,116,35.46875,227,436.230749130249,0.534613907337189,6.62434673309326
117,1650955810.21717,117,35.625,228,436.65012216568,0.299611002206802,6.67604875564575
118,1650955810.63231,118,35.78125,229,437.065258026123,0.327311813831329,6.72738575935364
119,1650955811.03832,119,35.9375,230,437.471270084381,0.627492249011993,6.77479696273804
120,1650955811.46604,120,36.09375,231,437.898984193802,0.581755638122559,6.82478213310242
121,1650955811.87813,121,36.25,232,438.311081171036,1.06013822555542,6.88164710998535
122,1650955812.28252,122,36.40625,233,438.715470075607,0.512514114379883,6.93267798423767
123,1650955812.7096,123,36.5625,234,439.142550230026,0.335731953382492,6.98090696334839
124,1650955813.1295,124,36.71875,235,439.562449216843,0.529682159423828,7.03168082237244
125,1650955813.51561,125,36.875,236,439.948557138443,0.545119941234589,7.08450198173523
126,1650955813.92426,126,37.03125,237,440.357211112976,0.423084080219269,7.13505220413208
127,1650955814.3499,127,37.1875,238,440.782845020294,0.366788655519485,7.20288920402527
128,1650955814.76884,128,37.34375,239,441.201789140701,0.367635816335678,7.25699400901794
129,1650955815.16269,129,37.5,240,441.595633029938,0.378856867551804,7.31302785873413
130,1650955815.59848,130,37.65625,241,442.031424045563,0.299466460943222,7.380943775177
131,1650955816.02554,131,37.8125,242,442.458490133286,0.393579453229904,7.4298677444458
132,1650955816.46694,132,37.96875,243,442.899885177612,0.35517892241478,7.50451874732971
133,1650955816.89597,133,38.125,244,443.328921079636,0.362589836120606,7.56254982948303
134,1650955817.2999,134,38.28125,245,443.732851028442,0.306557357311249,7.63767600059509
135,1650955817.67927,135,38.4375,246,444.11221909523,0.284112453460693,7.69208097457886
136,1650955818.11713,136,38.59375,247,444.55007815361,0.279507279396057,7.74482917785645
137,1650955818.52769,137,38.75,248,444.960640192032,0.219604000449181,7.79874515533447
138,1650955818.97461,138,38.90625,249,445.407555103302,0.300579816102982,7.87561917304993
139,1650955819.37454,139,39.0625,250,445.807485103607,0.295977681875229,7.92463135719299
140,1650955819.8079,140,39.21875,251,446.240847110748,0.417559623718262,7.98034334182739
141,1650955820.24904,141,39.375,252,446.681987047195,0.289152771234512,8.03571844100952
142,1650955820.65704,142,39.53125,253,447.089988231659,0.267384648323059,8.09388136863709
143,1650955821.04961,143,39.6875,254,447.482558012009,0.248914867639542,8.14454221725464
144,1650955821.4825,144,39.84375,255,447.91544508934,0.303638488054276,8.19488716125488
145,1650955821.92026,145,40,256,448.35320520401,0.301331371068955,8.25344896316528
146,1650955822.3163,146,40.15625,257,448.749249219894,0.303367018699646,8.33509516716003
147,1650955822.75293,147,40.3125,258,449.185878038406,0.287311226129532,8.41244411468506
148,1650955823.17929,148,40.46875,259,449.612236022949,0.331109553575516,8.46336221694946
149,1650955823.56398,149,40.625,260,449.996925115585,0.34621599316597,8.51942110061646
150,1650955823.96858,150,40.78125,261,450.401527166367,0.329079687595367,8.56898713111877
151,1650955824.42217,151,40.9375,262,450.855115175247,0.223666101694107,8.62029409408569
152,1650955824.8326,152,41.09375,263,451.265544176102,0.320531666278839,8.6848611831665
153,1650955825.23863,153,41.25,264,451.671573162079,0.36068332195282,8.73466920852661
154,1650955825.66479,154,41.40625,265,452.097739219666,0.391856878995895,8.79276919364929
155,1650955826.09293,155,41.5625,266,452.525879144669,0.2639020383358,8.85254216194153
156,1650955826.47571,156,41.71875,267,452.908660173416,0.360179871320724,8.91308212280273
157,1650955826.87285,157,41.875,268,453.305801153183,0.39066070318222,8.96442127227783
158,1650955827.30918,158,42.03125,269,453.742125034332,0.343507468700409,9.01477122306824
159,1650955827.65756,159,42.1875,270,454.090511083603,0.298240810632706,9.0770583152771
160,1650955828.01485,160,42.34375,271,454.447801113129,0.225384891033173,9.15484929084778
161,1650955828.56034,161,42.5,272,454.993285179138,0.328683823347092,9.20731616020203
162,1650955829.00817,162,42.65625,273,455.441120147705,0.230730086565018,9.28468704223633
163,1650955829.41637,163,42.8125,274,455.849314212799,0.219119504094124,9.34433913230896
164,1650955829.80848,164,42.96875,275,456.24142408371,0.270033299922943,9.39889311790466
165,1650955830.20894,165,43.125,276,456.641891002655,0.331514328718185,9.45014715194702
166,1650955830.64503,166,43.28125,277,457.077978134155,0.164159938693047,9.50229024887085
167,1650955831.05368,167,43.4375,278,457.48663020134,0.331466227769852,9.56009244918823
168,1650955831.47605,168,43.59375,279,457.908998012543,0.327350229024887,9.61860227584839
169,1650955831.89153,169,43.75,280,458.324478149414,0.251781433820724,9.67087626457214
170,1650955832.29226,170,43.90625,281,458.725211143494,0.266408652067184,9.71926736831665
171,1650955832.7243,171,44.0625,282,459.157248020172,0.27008780837059,9.7766854763031
172,1650955833.11885,172,44.21875,283,459.551792144775,0.200489029288292,9.82993745803833
173,1650955833.48297,173,44.375,284,459.91591501236,0.201000601053238,9.89087152481079
174,1650955833.87407,174,44.53125,285,460.307021141052,0.264754563570023,9.96026158332825
175,1650955834.29075,175,44.6875,286,460.723695993423,0.194986701011658,10.0359926223755
176,1650955834.70009,176,44.84375,287,461.133041143417,0.200774163007736,10.1389925479889
177,1650955835.11533,177,45,288,461.548277139664,0.164655029773712,10.2184555530548
178,1650955835.53731,178,45.15625,289,461.970261096954,0.185636833310127,10.2833354473114
179,1650955835.9651,179,45.3125,290,462.398044109345,0.146064788103104,10.3678743839264
180,1650955836.42527,180,45.46875,291,462.858221054077,0.174630224704742,10.4357423782349
181,1650955836.86919,181,45.625,292,463.302139997482,0.171522453427315,10.4842133522034
182,1650955837.2949,182,45.78125,293,463.727849006653,0.182656303048134,10.5601463317871
183,1650955837.69143,183,45.9375,294,464.12437415123,0.097611241042614,10.6084733009338
184,1650955838.11974,184,46.09375,295,464.552691221237,0.126943245530128,10.6591274738312
185,1650955838.4921,185,46.25,296,464.925051212311,0.166261211037636,10.7290804386139
186,1650955838.8859,186,46.40625,297,465.318849086762,0.139447182416916,10.8130624294281
187,1650955839.2697,187,46.5625,298,465.702646017075,0.151305839419365,10.880437374115
188,1650956097.94617,188,46.71875,299,724.379118204117,0.137431249022484,10.9334003925323
189,1650956098.36851,189,46.875,300,724.801458120346,0.124801240861416,10.9794204235077
190,1650956098.76114,190,47.03125,301,725.194091081619,0.132259249687195,11.0293514728546
191,1650956099.23496,191,47.1875,302,725.667911052704,0.097552470862866,11.1175265312195
192,1650956099.66112,192,47.34375,303,726.094063043594,0.070167124271393,11.1739685535431
193,1650956100.03518,193,47.5,304,726.46812915802,0.095773860812187,11.2252163887024
194,1650956100.43476,194,47.65625,305,726.86770606041,0.114555537700653,11.2763934135437
195,1650956100.84827,195,47.8125,306,727.28121304512,0.104779958724976,11.3302834033966
196,1650956101.29979,196,47.96875,307,727.732740163803,0.099893137812615,11.3837954998016
197,1650956101.77657,197,48.125,308,728.209521055222,0.1075684055686,11.4376213550568
198,1650956102.12612,198,48.28125,309,728.559068202972,0.069991573691368,11.5084934234619
199,1650956102.55672,199,48.4375,310,728.9896671772,0.076670974493027,11.5611772537231
200,1650956102.96474,200,48.59375,311,729.397685050964,0.067854508757591,11.6117153167725
201,1650956103.35205,201,48.75,312,729.785002231598,0.079563461244106,11.6595153808594
202,1650956103.75472,202,48.90625,313,730.187664031982,0.073263220489025,11.7269072532654
203,1650956104.15511,203,49.0625,314,730.588056087494,0.084613598883152,11.7813334465027
204,1650956104.62328,204,49.21875,315,731.056222200394,0.081884682178497,11.8539733886719
205,1650956105.06674,205,49.375,316,731.499682188034,0.106389246881008,11.9085764884949
206,1650956105.51886,206,49.53125,317,731.951810121536,0.077789306640625,11.9669713973999
207,1650956105.85908,207,49.6875,318,732.292026996613,0.061894718557596,12.0179283618927
208,1650956106.25074,208,49.84375,319,732.68368601799,0.087481737136841,12.0711452960968
209,1650956106.70648,209,50,320,733.139430999756,0.089593298733234,12.1495893001556
210,1650956107.15259,210,50.15625,321,733.585537195206,0.058229427784681,12.217077255249
211,1650956107.52495,211,50.3125,322,733.957898139954,0.051322638988495,12.2696812152863
212,1650956107.91808,212,50.46875,323,734.351023197174,0.049429971724749,12.3227732181549
213,1650956108.35914,213,50.625,324,734.79208612442,0.038871593773365,12.3803021907806
214,1650956108.76652,214,50.78125,325,735.199469089508,0.056359432637692,12.4342362880707
215,1650956109.17108,215,50.9375,326,735.604031085968,0.048898316919804,12.4848284721375
216,1650956109.61885,216,51.09375,327,736.051800012589,0.073195993900299,12.537225484848
217,1650956110.03083,217,51.25,328,736.463777065277,0.037318807095289,12.6021375656128
218,1650956110.41918,218,51.40625,329,736.852122068405,0.052938107401133,12.6532626152039
219,1650956110.81527,219,51.5625,330,737.248216152191,0.04526286944747,12.703492641449
220,1650956111.26802,220,51.71875,331,737.700967073441,0.034909915179014,12.7606296539307
221,1650956111.65203,221,51.875,332,738.084980010986,0.066663354635239,12.8174288272858
222,1650956112.05584,222,52.03125,333,738.488783121109,0.033467438071966,12.8670008182526
223,1650956112.48251,223,52.1875,334,738.915455102921,0.021537378430367,12.9183688163757
224,1650956112.88424,224,52.34375,335,739.317189216614,0.031861774623394,12.9659259319305
225,1650956113.3327,225,52.5,336,739.765644073486,0.027438381686807,13.0433948040009
226,1650956113.75859,226,52.65625,337,740.191539049149,0.031734626740217,13.1032598018646
227,1650956114.1722,227,52.8125,338,740.605144023895,0.034125089645386,13.1611449718475
228,1650956114.59423,228,52.96875,339,741.027178049088,0.02396822348237,13.2180328369141
229,1650956115.01254,229,53.125,340,741.445483207703,0.033874407410622,13.2762360572815
230,1650956115.42914,230,53.28125,341,741.862086057663,0.024556290358305,13.3530621528626
231,1650956115.83443,231,53.4375,342,742.267373085022,0.04861930385232,13.4060771465302
232,1650956116.23908,232,53.59375,343,742.672022104263,0.036380186676979,13.4563930034637
233,1650956116.65007,233,53.75,344,743.083019018173,0.034512501209974,13.5109159946442
234,1650956117.09426,234,53.90625,345,743.527203083038,0.030013730749488,13.5601968765259
235,1650956117.47653,235,54.0625,346,743.909473180771,0.027732755988836,13.619099855423
236,1650956117.87903,236,54.21875,347,744.311976194382,0.016319204121828,13.6682279109955
237,1650956118.30461,237,54.375,348,744.737556219101,0.023883936926723,13.7327568531036
238,1650956118.73329,238,54.53125,349,745.166241168976,0.017555560916662,13.7815217971802
239,1650956119.1517,239,54.6875,350,745.584646224976,0.016244918107987,13.8344957828522
240,1650956119.56857,240,54.84375,351,746.001514196396,0.013546046800912,13.8830096721649
241,1650956119.96041,241,55,352,746.393357038498,0.021211581304669,13.9350066184998
242,1650956120.36623,242,55.15625,353,746.79917216301,0.010406807996333,13.9878404140472
243,1650956120.81608,243,55.3125,354,747.249031066895,0.016693346202374,14.0405266284943
244,1650956121.22912,244,55.46875,355,747.662065029144,0.014073229394853,14.095395565033
245,1650956121.66447,245,55.625,356,748.097416162491,0.011688166297972,14.1459336280823
246,1650956122.10207,246,55.78125,357,748.535021066666,0.0122240614146,14.216733455658
247,1650956122.56654,247,55.9375,358,748.999489068985,0.00986952893436,14.2831585407257
248,1650956122.93959,248,56.09375,359,749.372532129288,0.007970379665494,14.3437325954437
249,1650956123.3734,249,56.25,360,749.806350231171,0.013747680000961,14.3953335285187
250,1650956123.71671,250,56.40625,361,750.149658203125,0.016092527657747,14.4450385570526
251,1650956124.14901,251,56.5625,362,750.58195400238,0.013022642582655,14.4935536384583
252,1650956124.56093,252,56.71875,363,750.99387216568,0.011023555882275,14.5445246696472
253,1650956125.00271,253,56.875,364,751.435654163361,0.011665086261928,14.6174576282501
254,1650956125.42542,254,57.03125,365,751.858371019363,0.012833804823458,14.6880266666412
255,1650956125.87052,255,57.1875,366,752.303467035294,0.009596885181963,14.7504146099091
256,1650956126.27521,256,57.34375,367,752.708160161972,0.00990398786962,14.8021206855774
257,1650956126.66756,257,57.5,368,753.100510120392,0.008555915206671,14.8532886505127
258,1650956127.07958,258,57.65625,369,753.512523174286,0.005920541007072,14.9078025817871
259,1650956127.48821,259,57.8125,370,753.921157121658,0.007411622907966,14.9544425010681
260,1650956127.91557,260,57.96875,371,754.348518133163,0.009304215200245,15.0124855041504
261,1650956128.34356,261,58.125,372,754.776509046555,0.007307473104447,15.0763304233551
262,1650956128.7751,262,58.28125,373,755.208051204681,0.007105169817805,15.1273834705353
263,1650956129.20926,263,58.4375,374,755.642212152481,0.008601289242506,15.2057635784149
264,1650956129.59543,264,58.59375,375,756.028381109238,0.006541619077325,15.2668516635895
265,1650956130.06635,265,58.75,376,756.499300003052,0.00896492227912,15.3461086750031
266,1650956130.55214,266,58.90625,377,756.985085010529,0.006180628668517,15.4175786972046
267,1650956130.91844,267,59.0625,378,757.351385116577,0.008566579781473,15.4673306941986
268,1650956131.28186,268,59.21875,379,757.714811086655,0.007157961837947,15.5278956890106
269,1650956131.68243,269,59.375,380,758.115381002426,0.005589928943664,15.5869965553284
270,1650956132.06952,270,59.53125,381,758.502465009689,0.00749452970922,15.6369304656982
271,1650956132.48971,271,59.6875,382,758.922659158707,0.006688296794891,15.6942985057831
272,1650956132.89011,272,59.84375,383,759.323053121567,0.005211264826357,15.7466764450073
273,1650956133.29498,273,60,384,759.727923154831,0.004709505010396,15.802273273468
274,1650956133.72562,274,60.15625,385,760.15856719017,0.009773355908692,15.8505144119263
275,1650956134.14672,275,60.3125,386,760.579665184021,0.006614753045142,15.9153633117676
276,1650956134.54636,276,60.46875,387,760.979304075241,0.007032169960439,15.9637224674225
277,1650956134.96303,277,60.625,388,761.395976066589,0.007454642094672,16.0211873054504
278,1650956135.38539,278,60.78125,389,761.818339109421,0.009419348090887,16.0816493034363
279,1650956135.77169,279,60.9375,390,762.204643011093,0.005516096483916,16.1283373832703
280,1650956252.07996,280,61.09375,391,878.512902021408,0.005135284271091,16.1842384338379
281,1650956252.51191,281,61.25,392,878.944857120514,0.006731213070452,16.2302105426788
282,1650956252.93056,282,61.40625,393,879.363512039185,0.00623385887593,16.2803654670715
283,1650956253.34022,283,61.5625,394,879.773172140122,0.196358695626259,16.3407864570618
284,1650956253.76877,284,61.71875,395,880.201716184616,0.007589486893266,16.3936903476715
285,1650956254.19581,285,61.875,396,880.628758192062,0.064650654792786,16.4448664188385
286,1650956254.61728,286,62.03125,397,881.050223112106,0.009925628080964,16.5122673511505
287,1650956255.01833,287,62.1875,398,881.451273202896,0.137276232242584,16.5640172958374
288,1650956255.44578,288,62.34375,399,881.878731012344,0.028525115922093,16.6251862049103
289,1650956255.86903,289,62.5,400,882.301972150803,0.121944636106491,16.6846241950989
290,1650956256.25033,290,62.65625,401,882.683280229569,0.020487597212195,16.7342550754547
291,1650956256.61417,291,62.8125,402,883.047118186951,0.120186045765877,16.7936110496521
292,1650956257.00816,292,62.96875,403,883.441103219986,0.21796652674675,16.8620932102203
293,1650956257.48305,293,63.125,404,883.915996074676,0.176825881004334,16.9166612625122
294,1650956257.93095,294,63.28125,405,884.363898038864,0.079521797597408,16.9705862998962
295,1650956258.34642,295,63.4375,406,884.779363155365,0.061008799821138,17.0303633213043
296,1650956258.75028,296,63.59375,407,885.183231115341,0.186787590384483,17.0808453559875
297,1650956259.15531,297,63.75,408,885.588260173798,0.075724482536316,17.1305222511292
298,1650956259.56567,298,63.90625,409,885.9986140728,0.078694425523281,17.1797802448273
299,1650956259.96854,299,64.0625,410,886.401487112045,0.258796066045761,17.2268850803375
300,1650956260.36353,300,64.21875,411,886.796474218369,0.285163670778275,17.2802879810333
301,1650956260.7966,301,64.375,412,887.229543209076,0.050985354930163,17.3413000106812
302,1650956261.22219,302,64.53125,413,887.65513420105,0.188009887933731,17.3944339752197
303,1650956261.64141,303,64.6875,414,888.074357032776,0.150338709354401,17.4469168186188
304,1650956262.07433,304,64.84375,415,888.507277011871,0.062317531555891,17.5032527446747
305,1650956262.52359,305,65,416,888.956540107727,0.245976090431213,17.5731797218323
306,1650956262.92069,306,65.15625,417,889.353636026383,0.289062440395355,17.6318645477295
307,1650956263.3263,307,65.3125,418,889.759248018265,0.164771512150764,17.6848096847534
308,1650956263.7375,308,65.46875,419,890.170444011688,0.104653999209404,17.7553558349609
309,1650956264.13171,309,65.625,420,890.564657211304,0.254929453134537,17.8115408420563
310,1650956264.5533,310,65.78125,421,890.986248016358,0.158625289797783,17.8624348640442
311,1650956264.95494,311,65.9375,422,891.387886047363,0.181508153676987,17.9150130748749
312,1650956265.37436,312,66.09375,423,891.807309150696,0.275735944509506,17.9630661010742
313,1650956265.78507,313,66.25,424,892.218017101288,0.150418117642403,18.0173239707947
314,1650956266.20293,314,66.40625,425,892.635877132416,0.252733498811722,18.0780999660492
315,1650956266.64548,315,66.5625,426,893.078429222107,0.122623845934868,18.1300089359283
316,1650956267.06486,316,66.71875,427,893.497803211212,0.175493478775024,18.1830689907074
317,1650956267.47061,317,66.875,428,893.903554201126,0.104382432997227,18.2358639240265
318,1650956267.93122,318,67.03125,429,894.364169120789,0.18496710062027,18.3034899234772
319,1650956268.31429,319,67.1875,430,894.747241020203,0.171594902873039,18.3541657924652
320,1650956268.73473,320,67.34375,431,895.167673110962,0.111402288079262,18.4054245948792
321,1650956269.1812,321,67.5,432,895.614145040512,0.158546105027199,18.4874534606934
322,1650956269.58017,322,67.65625,433,896.013117074966,0.161913469433785,18.5389642715454
323,1650956269.95645,323,67.8125,434,896.389392137528,0.211877316236496,18.5961413383484
324,1650956270.34148,324,67.96875,435,896.774425029755,0.141210734844208,18.6496822834015
325,1650956270.77341,325,68.125,436,897.20635509491,0.08624754846096,18.7014102935791
326,1650956271.14833,326,68.28125,437,897.581274032593,0.100077271461487,18.771906375885
327,1650956271.515,327,68.4375,438,897.947951078415,0.102269224822521,18.8339323997498
328,1650956271.9427,328,68.59375,439,898.375651121139,0.11619795113802,18.89337849617
329,1650956272.31446,329,68.75,440,898.747412204742,0.269672781229019,18.9693903923035
330,1650956272.74244,330,68.90625,441,899.175389051437,0.095541402697563,19.0353693962097
331,1650956273.14002,331,69.0625,442,899.572969198227,0.218499630689621,19.1028735637665
332,1650956273.53933,332,69.21875,443,899.972274065018,0.191669479012489,19.1804325580597
333,1650956273.97541,333,69.375,444,900.408352136612,0.134742483496666,19.2514984607697
334,1650956274.41519,334,69.53125,445,900.8481361866,0.092097193002701,19.3190424442291
335,1650956274.80992,335,69.6875,446,901.242865085602,0.181029826402664,19.3896834850311
336,1650956275.14815,336,69.84375,447,901.581093072891,0.19169183075428,19.4463694095612
337,1650956275.67465,337,70,448,902.107599020004,0.123736500740051,19.4982705116272
338,1650956276.10861,338,70.15625,449,902.541561126709,0.205995231866837,19.5529453754425
339,1650956276.57231,339,70.3125,450,903.005255222321,0.103973388671875,19.6072194576263
340,1650956276.93889,340,70.46875,451,903.371841192246,0.217024639248848,19.658858537674
341,1650956277.3554,341,70.625,452,903.788343191147,0.161549597978592,19.7157306671143
342,1650956277.77066,342,70.78125,453,904.203608036041,0.192755147814751,19.7644968032837
343,1650956278.20042,343,70.9375,454,904.633369207382,0.123677730560303,19.8165767192841
344,1650956278.62511,344,71.09375,455,905.058054208756,0.217386975884438,19.872410774231
345,1650956278.94365,345,71.25,456,905.376597166061,0.13398402929306,19.9372277259827
346,1650956279.33356,346,71.40625,457,905.766511201859,0.118996188044548,20.004814863205
347,1650956279.73974,347,71.5625,458,906.172688007355,0.17990405857563,20.0787687301636
348,1650956280.17326,348,71.71875,459,906.606209993362,0.214306026697159,20.1745038032532
349,1650956280.62729,349,71.875,460,907.060237169266,0.173567712306976,20.2579889297485
350,1650956281.03792,350,72.03125,461,907.470869064331,0.199878558516502,20.3481500148773
351,1650956281.43169,351,72.1875,462,907.864635229111,0.159556001424789,20.4261231422424
352,1650956281.92196,352,72.34375,463,908.354909181595,0.161248549818993,20.4979250431061
353,1650956282.36199,353,72.5,464,908.79493522644,0.211045056581497,20.5501282215118
354,1650956282.76995,354,72.65625,465,909.202893018723,0.165301561355591,20.631459236145
355,1650956283.17054,355,72.8125,466,909.603491067886,0.189055055379868,20.6838040351868
356,1650956283.59529,356,72.96875,467,910.028236150742,0.227755546569824,20.7371079921722
357,1650956283.99276,357,73.125,468,910.425705194473,0.169517710804939,20.7852871417999
358,1650956284.43184,358,73.28125,469,910.864787101746,0.144533112645149,20.8353271484375
359,1650956284.83568,359,73.4375,470,911.268624067307,0.133071020245552,20.8809061050415
360,1650956285.22705,360,73.59375,471,911.659994125366,0.208263471722603,20.9342861175537
361,1650956285.69636,361,73.75,472,912.129310131073,0.113460063934326,21.0102939605713
362,1650956286.11166,362,73.90625,473,912.544609069824,0.143956169486046,21.0614850521088
363,1650956286.55713,363,74.0625,474,912.990078210831,0.202888309955597,21.1410520076752
364,1650956286.95149,364,74.21875,475,913.384437084198,0.22504623234272,21.206071138382
365,1650956287.38203,365,74.375,476,913.814977169037,0.185896918177605,21.2567353248596
366,1650956287.81717,366,74.53125,477,914.250113010407,0.198797151446343,21.3081743717194
367,1650956288.22861,367,74.6875,478,914.661554098129,0.129167526960373,21.3585014343262
368,1650956288.64046,368,74.84375,479,915.07341003418,0.186914712190628,21.4087553024292
369,1650956289.04851,369,75,480,915.481460094452,0.141570687294006,21.4587621688843
370,1650956289.45853,370,75.15625,481,915.891473054886,0.122652962803841,21.5088021755218
371,1650956289.87244,371,75.3125,482,916.305391073227,0.199683159589767,21.5665001869202
372,1650956410.82756,372,75.46875,483,1037.26050710678,0.23549722135067,21.6412110328674
373,1650956411.25501,373,75.625,484,1037.68795704842,0.163063049316406,21.6914520263672
374,1650956411.67272,374,75.78125,485,1038.10567116737,0.200802877545357,21.7447419166565
375,1650956412.03011,375,75.9375,486,1038.46305799484,0.150075018405914,21.7983350753784
376,1650956412.48043,376,76.09375,487,1038.9133810997,0.180628880858421,21.8513200283051
377,1650956412.93162,377,76.25,488,1039.36456203461,0.185014486312866,21.9103751182556
378,1650956413.31826,378,76.40625,489,1039.75120615959,0.101337365806103,21.9651691913605
379,1650956413.68095,379,76.5625,490,1040.11390209198,0.22698312997818,22.0166943073273
380,1650956414.10585,380,76.71875,491,1040.53880000114,0.169110894203186,22.0915381908417
381,1650956414.49883,381,76.875,492,1040.93178200722,0.258524596691132,22.1407301425934
382,1650956414.92902,382,77.03125,493,1041.36196422577,0.259393393993378,22.1917390823364
383,1650956415.34716,383,77.1875,494,1041.78010320663,0.131370052695274,22.2403361797333
384,1650956415.77234,384,77.34375,495,1042.20528507233,0.164112985134125,22.2929172515869
385,1650956416.2063,385,77.5,496,1042.63924813271,0.342133730649948,22.3444602489471
386,1650956416.58688,386,77.65625,497,1043.01982712746,0.14895161986351,22.3977773189545
387,1650956416.96909,387,77.8125,498,1043.40203809738,0.14020411670208,22.4462032318115
388,1650956417.37779,388,77.96875,499,1043.81074118614,0.263027846813202,22.4969062805176
389,1650956417.80898,389,78.125,500,1044.24193000793,0.27236145734787,22.5549862384796
390,1650956418.22458,390,78.28125,501,1044.65753102303,0.160310029983521,22.6311061382294
391,1650956418.68312,391,78.4375,502,1045.11606407166,0.116229623556137,22.7058291435242
392,1650956419.05096,392,78.59375,503,1045.4839091301,0.111892849206924,22.7587740421295
393,1650956419.43011,393,78.75,504,1045.86305403709,0.094439193606377,22.8118350505829
394,1650956419.8624,394,78.90625,505,1046.29534602165,0.191888630390167,22.8650360107422
395,1650956420.24134,395,79.0625,506,1046.67428803444,0.111725226044655,22.9162001609802
396,1650956420.62516,396,79.21875,507,1047.05810809135,0.183327481150627,22.9706480503082
397,1650956421.0547,397,79.375,508,1047.48764920235,0.159639552235603,23.0245871543884
398,1650956421.45591,398,79.53125,509,1047.88886117935,0.12959049642086,23.0777399539947
399,1650956421.88416,399,79.6875,510,1048.3171081543,0.138400465250015,23.1293439865112
400,1650956422.29469,400,79.84375,511,1048.72763419151,0.114675581455231,23.1873641014099
401,1650956422.6981,401,80,512,1049.1310441494,0.160649418830872,23.2382390499115
402,1650956423.13173,402,80.15625,513,1049.56468105316,0.192706525325775,23.2973389625549
403,1650956423.53838,403,80.3125,514,1049.9713242054,0.107714258134365,23.3520839214325
404,1650956423.93251,404,80.46875,515,1050.36545920372,0.167756035923958,23.4038739204407
405,1650956424.36768,405,80.625,516,1050.80062913895,0.19246706366539,23.454864025116
406,1650956424.76757,406,80.78125,517,1051.20051217079,0.205452114343643,23.504319190979
407,1650956425.15587,407,80.9375,518,1051.58882117271,0.249190762639046,23.5561513900757
408,1650956425.55301,408,81.09375,519,1051.98595499992,0.162381008267403,23.6094264984131
409,1650956425.99537,409,81.25,520,1052.42831707001,0.129220008850098,23.6620335578918
410,1650956426.42124,410,81.40625,521,1052.85418605804,0.218603298068047,23.7170946598053
411,1650956426.83669,411,81.5625,522,1053.26963210106,0.124590508639812,23.7671027183533
412,1650956427.23935,412,81.71875,523,1053.67229604721,0.103031009435654,23.8338096141815
413,1650956427.67751,413,81.875,524,1054.1104581356,0.111357919871807,23.9062745571136
414,1650956428.08199,414,82.03125,525,1054.5149371624,0.096986129879952,23.9869225025177
415,1650956428.59171,415,82.1875,526,1055.02466106415,0.189819142222404,24.0345175266266
416,1650956429.15008,416,82.34375,527,1055.5830271244,0.178838074207306,24.0932054519653
417,1650956429.58287,417,82.5,528,1056.01581501961,0.1943279504776,24.1482994556427
418,1650956429.99458,418,82.65625,529,1056.42752408981,0.153335675597191,24.199996471405
419,1650956430.46613,419,82.8125,530,1056.89908218384,0.184837237000465,24.2560105323791
420,1650956430.88494,420,82.96875,531,1057.31788516045,0.148589551448822,24.3230454921722
421,1650956431.22408,421,83.125,532,1057.65702605248,0.128480285406113,24.3762536048889
422,1650956431.63717,422,83.28125,533,1058.07012009621,0.12985797226429,24.425806760788
423,1650956432.05911,423,83.4375,534,1058.49205613136,0.142924606800079,24.4848957061768
424,1650956432.46549,424,83.59375,535,1058.89844107628,0.205224707722664,24.5414917469025
425,1650956432.8632,425,83.75,536,1059.29614400864,0.290949732065201,24.5926928520203
426,1650956433.29924,426,83.90625,537,1059.73218917847,0.339623391628265,24.6422357559204
427,1650956433.72921,427,84.0625,538,1060.16215920448,0.249708712100983,24.6949756145477
428,1650956434.19123,428,84.21875,539,1060.62417316437,0.238322451710701,24.7716114521027
429,1650956434.78059,429,84.375,540,1061.21354103088,0.075208149850369,24.8589835166931
430,1650956435.33855,430,84.53125,541,1061.77149701118,0.193791911005974,24.9427046775818
431,1650956435.75414,431,84.6875,542,1062.18709015846,0.131196871399879,24.9985616207123
432,1650956436.20008,432,84.84375,543,1062.63302302361,0.185092076659203,25.0835745334625
433,1650956436.58834,433,85,544,1063.02129101753,0.442081898450851,25.1349246501923
434,1650956437.02053,434,85.15625,545,1063.45348119736,0.365405201911926,25.1878044605255
435,1650956437.40399,435,85.3125,546,1063.83693218231,0.325322300195694,25.2410163879395
436,1650956437.84805,436,85.46875,547,1064.28099513054,0.206623658537865,25.2933223247528
437,1650956438.28032,437,85.625,548,1064.71326613426,0.175960808992386,25.359893321991
438,1650956438.69082,438,85.78125,549,1065.12377119064,0.231673538684845,25.4196484088898
439,1650956439.09247,439,85.9375,550,1065.52541303635,0.224454045295715,25.4719514846802
440,1650956439.52878,440,86.09375,551,1065.96172308922,0.279356479644775,25.5338044166565
441,1650956439.96632,441,86.25,552,1066.39927005768,0.191137820482254,25.61137342453
442,1650956440.38524,442,86.40625,553,1066.81818223,0.236866444349289,25.6656966209412
443,1650956440.84518,443,86.5625,554,1067.27812504768,0.242488861083984,25.7192316055298
444,1650956441.1782,444,86.71875,555,1067.61114501953,0.107105165719986,25.7765448093414
445,1650956441.55936,445,86.875,556,1067.99231004715,0.137499675154686,25.8284289836884
446,1650956441.97216,446,87.03125,557,1068.40510511398,0.236435830593109,25.8739609718323
447,1650956442.39486,447,87.1875,558,1068.82780718803,0.23058246076107,25.9405369758606
448,1650956442.83999,448,87.34375,559,1069.27294015884,0.297044098377228,25.9901759624481
449,1650956443.23866,449,87.5,560,1069.67160320282,0.143729075789452,26.0650269985199
450,1650956443.66162,450,87.65625,561,1070.09456300735,0.112087182700634,26.1245579719543
451,1650956444.01625,451,87.8125,562,1070.44919514656,0.202815741300583,26.1748449802399
452,1650956444.44844,452,87.96875,563,1070.88138413429,0.148388236761093,26.2253468036652
453,1650956444.86466,453,88.125,564,1071.29761099815,0.191327705979347,26.2749247550964
454,1650956445.29029,454,88.28125,565,1071.72323417664,0.315727800130844,26.3280167579651
455,1650956445.7133,455,88.4375,566,1072.14624500275,0.236873596906662,26.405734539032
456,1650956446.16837,456,88.59375,567,1072.60131812096,0.228686809539795,26.4769995212555
457,1650956446.55484,457,88.75,568,1072.98778820038,0.193800494074822,26.5315697193146
458,1650956446.96924,458,88.90625,569,1073.4021821022,0.248960822820663,26.5846138000488
459,1650956447.37951,459,89.0625,570,1073.81246209145,0.139862671494484,26.6398856639862
460,1650956447.86065,460,89.21875,571,1074.2936000824,0.192726090550423,26.7093527317047
461,1650956448.2729,461,89.375,572,1074.70584416389,0.127066537737846,26.7700576782227
462,1650956448.60892,462,89.53125,573,1075.04187011719,0.161312088370323,26.823757648468
463,1650956566.83072,463,89.6875,574,1193.26367306709,0.216484934091568,26.8724546432495
464,1650956567.27189,464,89.84375,575,1193.70483613014,0.182558715343475,26.9301216602325
465,1650956567.71033,465,90,576,1194.1432762146,0.210927516222,26.9929265975952
466,1650956568.21876,466,90.15625,577,1194.65170812607,0.216535925865173,27.0740365982056
467,1650956568.61404,467,90.3125,578,1195.04698610306,0.166434466838837,27.1500866413116
468,1650956568.9277,468,90.46875,579,1195.36064910889,0.140987098217011,27.2113065719604
469,1650956569.35888,469,90.625,580,1195.79182600975,0.141203433275223,27.270450592041
470,1650956569.78315,470,90.78125,581,1196.2160961628,0.157557338476181,27.3416907787323
471,1650956570.2228,471,90.9375,582,1196.65574622154,0.257638067007065,27.3970007896423
472,1650956570.56581,472,91.09375,583,1196.99875211716,0.235314548015594,27.4528176784515
473,1650956571.00006,473,91.25,584,1197.43300509453,0.163878992199898,27.5321927070618
474,1650956571.40917,474,91.40625,585,1197.84212112427,0.111298114061356,27.591335773468
475,1650956571.83288,475,91.5625,586,1198.26582813263,0.153568536043167,27.6484718322754
476,1650956572.27948,476,91.71875,587,1198.71242308617,0.225775673985481,27.7058987617493
477,1650956572.64715,477,91.875,588,1199.0800921917,0.115675933659077,27.7568027973175
478,1650956573.06307,478,92.03125,589,1199.49601817131,0.25598531961441,27.80610871315
479,1650956573.4649,479,92.1875,590,1199.89784312248,0.19312909245491,27.8553056716919
480,1650956573.91373,480,92.34375,591,1200.34668111801,0.144767239689827,27.9070436954498
481,1650956574.31581,481,92.5,592,1200.74875617027,0.173386558890343,27.9552907943726
482,1650956574.71751,482,92.65625,593,1201.15045619011,0.193425685167313,28.0063447952271
483,1650956575.13972,483,92.8125,594,1201.57266306877,0.168035209178925,28.0842597484589
484,1650956575.55911,484,92.96875,595,1201.99205803871,0.146377950906754,28.1422247886658
485,1650956575.9824,485,93.125,596,1202.41534900665,0.140981808304787,28.1946048736572
486,1650956576.42426,486,93.28125,597,1202.85720419884,0.089655891060829,28.2870137691498
487,1650956576.8205,487,93.4375,598,1203.25345015526,0.208113789558411,28.3384027481079
488,1650956577.2375,488,93.59375,599,1203.67044615746,0.15165039896965,28.3877048492432
489,1650956577.64217,489,93.75,600,1204.07511401176,0.227736413478851,28.4371569156647
490,1650956578.07616,490,93.90625,601,1204.50911021233,0.197027385234833,28.4921000003815
491,1650956578.49072,491,94.0625,602,1204.92366814613,0.191661685705185,28.5653700828552
492,1650956578.86985,492,94.21875,603,1205.30279707909,0.159863337874413,28.6182041168213
493,1650956579.26091,493,94.375,604,1205.69386100769,0.147952571511269,28.6672210693359
494,1650956579.65782,494,94.53125,605,1206.09076499939,0.154324889183044,28.7209730148315
495,1650956580.06356,495,94.6875,606,1206.49650812149,0.156815931200981,28.7719910144806
496,1650956580.52649,496,94.84375,607,1206.95944023132,0.119507193565369,28.842954158783
497,1650956580.9077,497,95,608,1207.34064817429,0.073421739041805,28.8939609527588
498,1650956581.29896,498,95.15625,609,1207.73191022873,0.133274644613266,28.9425179958344
499,1650956581.70167,499,95.3125,610,1208.13462209702,0.178783059120178,28.989620923996
500,1650956582.13202,500,95.46875,611,1208.56496310234,0.109199076890945,29.0481779575348
501,1650956582.56961,501,95.625,612,1209.00256109238,0.10556647926569,29.0984878540039
502,1650956583.03878,502,95.78125,613,1209.47172808647,0.14178204536438,29.1548140048981
503,1650956583.41068,503,95.9375,614,1209.84363102913,0.138300389051437,29.2311952114105
504,1650956583.8252,504,96.09375,615,1210.25815200806,0.099368907511234,29.2850902080536
505,1650956584.22784,505,96.25,616,1210.66078710556,0.130250081419945,29.3395612239838
506,1650956584.72398,506,96.40625,617,1211.15692305565,0.102832429111004,29.3955841064453
507,1650956585.02574,507,96.5625,618,1211.45868611336,0.140859961509705,29.4460511207581
508,1650956585.51022,508,96.71875,619,1211.94316506386,0.098071269690991,29.5062050819397
509,1650956585.85779,509,96.875,620,1212.29073405266,0.105040147900581,29.5636510848999
510,1650956586.22821,510,97.03125,621,1212.66116023064,0.088811047375202,29.6141440868378
511,1650956586.64376,511,97.1875,622,1213.07670807838,0.112554252147675,29.680979013443
512,1650956587.066,512,97.34375,623,1213.49894809723,0.095056518912315,29.7439289093018
513,1650956587.48543,513,97.5,624,1213.91838121414,0.102533273398876,29.7962028980255
514,1650956587.90741,514,97.65625,625,1214.34036016464,0.121116504073143,29.8454360961914
515,1650956588.31526,515,97.8125,626,1214.74820303917,0.092161618173122,29.9071311950684
516,1650956588.73251,516,97.96875,627,1215.16545820236,0.181648686528206,29.958475112915
517,1650956589.15478,517,98.125,628,1215.58772802353,0.141600906848908,30.0118701457977
518,1650956589.53642,518,98.28125,629,1215.96936607361,0.138895362615585,30.0695450305939
519,1650956589.93336,519,98.4375,630,1216.36630916595,0.220293834805489,30.1382901668549
520,1650956590.33975,520,98.59375,631,1216.77269220352,0.107515886425972,30.188728094101
521,1650956590.76309,521,98.75,632,1217.19603610039,0.080690391361713,30.2502880096436
522,1650956591.20594,522,98.90625,633,1217.63888502121,0.246200427412987,30.3038191795349
523,1650956591.62455,523,99.0625,634,1218.05749511719,0.072602972388268,30.3744401931763
524,1650956592.05958,524,99.21875,635,1218.49252605438,0.14934054017067,30.4422771930695
525,1650956592.41632,525,99.375,636,1218.84927105904,0.095217987895012,30.4919481277466
526,1650956592.84093,526,99.53125,637,1219.27387714386,0.057825539261103,30.5389940738678
527,1650956593.25767,527,99.6875,638,1219.69061517715,0.159962236881256,30.5905392169952
528,1650956593.67341,528,99.84375,639,1220.10635900497,0.151359781622887,30.6531503200531
529,1650956594.09695,529,100,640,1220.52989506722,0.110650703310967,30.704808473587
530,1650956594.48567,530,100.15625,641,1220.91862201691,0.153033941984177,30.7594664096832
531,1650956594.90905,531,100.3125,642,1221.34199309349,0.135879546403885,30.8097434043884
532,1650956595.33041,532,100.46875,643,1221.76335811615,0.180893942713738,30.864241361618
533,1650956595.73759,533,100.625,644,1222.17053413391,0.105945557355881,30.9190404415131
534,1650956596.13687,534,100.78125,645,1222.56981515884,0.163832396268845,30.9735853672028
535,1650956596.55665,535,100.9375,646,1222.98960208893,0.124456204473972,31.0525074005127
536,1650956596.9516,536,101.09375,647,1223.38454604149,0.216311037540436,31.1133503913879
537,1650956597.39464,537,101.25,648,1223.82758617401,0.196963056921959,31.1655113697052
538,1650956597.83511,538,101.40625,649,1224.26805520058,0.067837804555893,31.2367353439331
539,1650956598.20015,539,101.5625,650,1224.63310003281,0.189394399523735,31.2867641448975
540,1650956598.64688,540,101.71875,651,1225.07982301712,0.274574637413025,31.3649301528931
541,1650956599.1017,541,101.875,652,1225.53464221954,0.099315077066422,31.4173510074615
542,1650956599.50948,542,102.03125,653,1225.94242811203,0.189220890402794,31.4745030403137
543,1650956599.89944,543,102.1875,654,1226.33239006996,0.070187412202358,31.535530090332
544,1650956600.31738,544,102.34375,655,1226.75032901764,0.126888632774353,31.5900211334228
545,1650956600.72542,545,102.5,656,1227.15837216377,0.190352588891983,31.6434571743011
546,1650956601.17981,546,102.65625,657,1227.61275410652,0.255322456359863,31.6941261291504
547,1650956601.58729,547,102.8125,658,1228.02023911476,0.130734369158745,31.7460489273071
548,1650956601.99652,548,102.96875,659,1228.42945504189,0.141087234020233,31.8005018234253
549,1650956602.42668,549,103.125,660,1228.85962915421,0.073229253292084,31.8598046302795
550,1650956602.84207,550,103.28125,661,1229.27501916885,0.15728010237217,31.9098165035248
551,1650956603.23932,551,103.4375,662,1229.67226815224,0.093472808599472,31.9663715362549
552,1650956603.63959,552,103.59375,663,1230.07254004478,0.07669448107481,32.0194616317749
553,1650956604.06457,553,103.75,664,1230.49751615524,0.08366134762764,32.0963876247406
554,1650956604.4717,554,103.90625,665,1230.90464615822,0.164504826068878,32.1493847370148
555,1650956604.90435,555,104.0625,666,1231.33729410172,0.09930644184351,32.2006828784943
556,1650956719.83599,556,104.21875,667,1346.26893520355,0.105042926967144,32.2487649917603
557,1650956720.22694,557,104.375,668,1346.65989208221,0.088705904781818,32.2975881099701
558,1650956720.65415,558,104.53125,669,1347.08709716797,0.152482911944389,32.3494262695313
559,1650956721.06449,559,104.6875,670,1347.49743819237,0.190022736787796,32.4058351516724
560,1650956721.45424,560,104.84375,671,1347.88719201088,0.189314469695091,32.4606151580811
561,1650956721.88937,561,105,672,1348.32231402397,0.077650547027588,32.51584815979
562,1650956722.33947,562,105.15625,673,1348.7724211216,0.193867102265358,32.5812151432037
563,1650956722.76474,563,105.3125,674,1349.19768500328,0.220693856477737,32.6344261169434
564,1650956723.15392,564,105.46875,675,1349.58687114716,0.238012418150902,32.7063541412353
565,1650956723.56317,565,105.625,676,1349.99611520767,0.284544140100479,32.7577722072601
566,1650956723.95877,566,105.78125,677,1350.3917222023,0.123782888054848,32.8147170543671
567,1650956724.3746,567,105.9375,678,1350.80754613876,0.219808802008629,32.8647260665894
568,1650956724.7878,568,106.09375,679,1351.22074317932,0.322419106960297,32.9156539440155
569,1650956725.19107,569,106.25,680,1351.62401413918,0.038240730762482,32.9713428020477
570,1650956725.63566,570,106.40625,681,1352.06860613823,0.157636284828186,33.0395727157593
571,1650956726.02855,571,106.5625,682,1352.46149206162,0.240566492080688,33.0931067466736
572,1650956726.47336,572,106.71875,683,1352.90631008148,0.124226473271847,33.1555507183075
573,1650956726.83187,573,106.875,684,1353.26481318474,0.214612275362015,33.2294728755951
574,1650956727.28604,574,107.03125,685,1353.71898508072,0.250743061304092,33.2960300445557
575,1650956727.73215,575,107.1875,686,1354.16509318352,0.210067719221115,33.3543119430542
576,1650956728.1121,576,107.34375,687,1354.54504919052,0.074124284088612,33.4063589572906
577,1650956728.59157,577,107.5,688,1355.02452206612,0.256967693567276,33.4806587696075
578,1650956728.95934,578,107.65625,689,1355.39228415489,0.114932261407375,33.5361347198486
579,1650956729.34934,579,107.8125,690,1355.7822830677,0.173107951879501,33.5888216495514
580,1650956729.68708,580,107.96875,691,1356.12002706528,0.206612288951874,33.6413726806641
581,1650956730.12965,581,108.125,692,1356.56259512901,0.113706693053246,33.711306810379
582,1650956730.51676,582,108.28125,693,1356.9497051239,0.13667120039463,33.762378692627
583,1650956730.93978,583,108.4375,694,1357.37272405624,0.052759736776352,33.8165068626404
584,1650956731.33972,584,108.59375,695,1357.77266907692,0.138264834880829,33.8830277919769
585,1650956731.77272,585,108.75,696,1358.20566320419,0.120607629418373,33.9354448318481
586,1650956732.19053,586,108.90625,697,1358.62347817421,0.112990386784077,33.9934849739075
587,1650956732.61515,587,109.0625,698,1359.04809617996,0.158288687467575,34.0579769611359
588,1650956733.09579,588,109.21875,699,1359.52873706818,0.080077894032002,34.1330478191376
589,1650956733.49299,589,109.375,700,1359.92593407631,0.107594534754753,34.1922838687897
590,1650956733.96338,590,109.53125,701,1360.39633011818,0.090374983847141,34.2562248706818
591,1650956734.29288,591,109.6875,702,1360.72582411766,0.09928435087204,34.3079478740692
592,1650956734.70728,592,109.84375,703,1361.14022421837,0.11200163513422,34.3610439300537
593,1650956735.12543,593,110,704,1361.55837917328,0.170464515686035,34.4200339317322
594,1650956735.61286,594,110.15625,705,1362.04581022263,0.150285914540291,34.4806950092316
595,1650956736.04571,595,110.3125,706,1362.47865414619,0.126984596252441,34.5360951423645
596,1650956736.35433,596,110.46875,707,1362.78728103638,0.154491052031517,34.592511177063
597,1650956736.76536,597,110.625,708,1363.1983101368,0.104665130376816,34.6471171379089
598,1650956737.20087,598,110.78125,709,1363.6338121891,0.161432415246964,34.7044789791107
599,1650956737.63977,599,110.9375,710,1364.07271409035,0.062934435904026,34.7586669921875
600,1650956737.99024,600,111.09375,711,1364.42318916321,0.083221592009068,34.8088979721069
601,1650956738.40094,601,111.25,712,1364.83388519287,0.112372875213623,34.8784940242767
602,1650956738.83015,602,111.40625,713,1365.26310110092,0.094231560826302,34.9303240776062
603,1650956739.22899,603,111.5625,714,1365.66194105148,0.074777036905289,34.9839460849762
604,1650956739.66617,604,111.71875,715,1366.09911417961,0.107411928474903,35.0551512241364
605,1650956740.02914,605,111.875,716,1366.46208715439,0.104616686701775,35.1040873527527
606,1650956740.43473,606,112.03125,717,1366.86767816544,0.128821909427643,35.1528153419495
607,1650956740.80879,607,112.1875,718,1367.24173903465,0.051892410963774,35.2049112319946
608,1650956741.29296,608,112.34375,719,1367.72590613365,0.114091955125332,35.2660102844238
609,1650956741.73453,609,112.5,720,1368.16747808456,0.100938618183136,35.3228921890259
610,1650956742.09961,610,112.65625,721,1368.53255605698,0.126088827848434,35.3768520355225
611,1650956742.50945,611,112.8125,722,1368.94239401817,0.114378809928894,35.4321670532227
612,1650956742.95585,612,112.96875,723,1369.3888001442,0.055947810411453,35.4898400306702
613,1650956743.37408,613,113.125,724,1369.80702900887,0.083518490195274,35.5530059337616
614,1650956743.78956,614,113.28125,725,1370.22250914574,0.11285674571991,35.6088049411774
615,1650956744.2307,615,113.4375,726,1370.66364908218,0.079507917165756,35.6615760326385
616,1650956744.58369,616,113.59375,727,1371.01664209366,0.054174188524485,35.7143950462341
617,1650956745.01685,617,113.75,728,1371.44979906082,0.055444166064262,35.7954621315002
618,1650956745.40638,618,113.90625,729,1371.83932518959,0.077856659889221,35.8463132381439
619,1650956745.79426,619,114.0625,730,1372.2272040844,0.125379741191864,35.9131462574005
620,1650956746.23714,620,114.21875,731,1372.67009019852,0.134057238698006,35.983323097229
621,1650956746.65405,621,114.375,732,1373.08699417114,0.086233004927635,36.036404132843
622,1650956747.03512,622,114.53125,733,1373.46806716919,0.125753149390221,36.0894613265991
623,1650956747.4489,623,114.6875,734,1373.88185119629,0.115808926522732,36.1488573551178
624,1650956747.83554,624,114.84375,735,1374.26848316193,0.112711206078529,36.1990113258362
625,1650956748.28374,625,115,736,1374.71668720245,0.086378999054432,36.2478213310242
626,1650956748.7139,626,115.15625,737,1375.14684605598,0.062966510653496,36.3131992816925
627,1650956749.10518,627,115.3125,738,1375.53813004494,0.05217731744051,36.3669242858887
628,1650956749.5013,628,115.46875,739,1375.934248209,0.084042221307755,36.4150273799896
629,1650956749.91719,629,115.625,740,1376.35013818741,0.084445431828499,36.4922604560852
630,1650956750.31398,630,115.78125,741,1376.74693012238,0.067437916994095,36.5435695648193
631,1650956750.7234,631,115.9375,742,1377.15634417534,0.091375023126602,36.5980546474457
632,1650956751.18426,632,116.09375,743,1377.61720514298,0.075461320579052,36.6585566997528
633,1650956751.62418,633,116.25,744,1378.05712413788,0.093890845775604,36.7299537658691
634,1650956751.92522,634,116.40625,745,1378.35816407204,0.083580449223518,36.7802917957306
635,1650956752.35755,635,116.5625,746,1378.79049301147,0.101730450987816,36.8366868495941
636,1650956752.77743,636,116.71875,747,1379.21038007736,0.066363699734211,36.8820717334747
637,1650956753.21681,637,116.875,748,1379.64975619316,0.114208728075027,36.9347965717316
638,1650956753.65432,638,117.03125,749,1380.08726620674,0.065519005060196,37.013635635376
639,1650956754.04134,639,117.1875,750,1380.47428822517,0.144856452941895,37.0657997131348
640,1650956754.46765,640,117.34375,751,1380.90059614182,0.149300187826157,37.1281106472015
641,1650956754.86519,641,117.5,752,1381.29814004898,0.122242964804173,37.2039127349854
642,1650956755.24921,642,117.65625,753,1381.68215608597,0.121220670640469,37.2572567462921
643,1650956755.67485,643,117.8125,754,1382.10779714584,0.092439152300358,37.3114008903503
644,1650956756.08844,644,117.96875,755,1382.52138805389,0.234002083539963,37.3693337440491
645,1650956756.5303,645,118.125,756,1382.96324205399,0.04708644002676,37.4225838184357
646,1650956756.90918,646,118.28125,757,1383.34212517738,0.092989146709442,37.4724428653717
647,1650956757.38801,647,118.4375,758,1383.82095313072,0.16194187104702,37.5267539024353
648,1650956757.70572,648,118.59375,759,1384.13866901398,0.107679910957813,37.5774757862091
649,1650956758.10071,649,118.75,760,1384.53366112709,0.151916980743408,37.6284487247467
650,1650956991.87478,650,118.90625,761,1618.30772519112,0.130649641156197,37.686886548996
651,1650956992.31054,651,119.0625,762,1618.74349212646,0.075724042952061,37.7317326068878
652,1650956992.67128,652,119.21875,763,1619.10423111916,0.067562565207481,37.7956526279449
653,1650956993.07898,653,119.375,764,1619.51193118095,0.076519854366779,37.8724567890167
654,1650956993.45942,654,119.53125,765,1619.89236307144,0.225735798478127,37.940566778183
655,1650956994.00407,655,119.6875,766,1620.43701910973,0.180481687188149,38.0089738368988
656,1650956994.34598,656,119.84375,767,1620.77892303467,0.086983680725098,38.0745098590851
657,1650956994.75314,657,120,768,1621.18608403206,0.196825847029686,38.1564610004425
658,1650956995.16199,658,120.15625,769,1621.59493422508,0.095129430294037,38.2384288311005
659,1650956995.59449,659,120.3125,770,1622.02743721008,0.247119426727295,38.3189759254456
660,1650956996.02041,660,120.46875,771,1622.45335221291,0.08104619383812,38.3857259750366
661,1650956996.41685,661,120.625,772,1622.84980201721,0.157508075237274,38.4703118801117
662,1650956996.93073,662,120.78125,773,1623.36367201805,0.179042905569077,38.5185949802399
663,1650956997.39437,663,120.9375,774,1623.82731819153,0.185652390122414,38.5742719173431
664,1650956997.76641,664,121.09375,775,1624.19936013222,0.305613517761231,38.6326608657837
665,1650956998.18118,665,121.25,776,1624.61413121223,0.260757565498352,38.679851770401
666,1650956998.59589,666,121.40625,777,1625.02883911133,0.17828457057476,38.7543017864227
667,1650956998.99469,667,121.5625,778,1625.42763519287,0.167652532458305,38.8048236370087
668,1650956999.41527,668,121.71875,779,1625.84821510315,0.143890768289566,38.8758678436279
669,1650956999.84182,669,121.875,780,1626.27477216721,0.090637028217316,38.9515118598938
670,1650957000.24198,670,122.03125,781,1626.67492222786,0.192203506827354,39.0048439502716
671,1650957000.66616,671,122.1875,782,1627.09910821915,0.305057376623154,39.0621688365936
672,1650957001.05602,672,122.34375,783,1627.48896622658,0.118194118142128,39.1131806373596
673,1650957001.47517,673,122.5,784,1627.90811800957,0.059222023934126,39.1662187576294
674,1650957001.89384,674,122.65625,785,1628.32678508759,0.225633278489113,39.2377345561981
675,1650957002.3152,675,122.8125,786,1628.74815011024,0.207535549998283,39.3064785003662
676,1650957002.70317,676,122.96875,787,1629.13611221313,0.177641645073891,39.3568365573883
677,1650957003.08431,677,123.125,788,1629.5172560215,0.112316034734249,39.4099514484405
678,1650957003.49583,678,123.28125,789,1629.92877817154,0.057058516889811,39.460408449173
679,1650957003.895,679,123.4375,790,1630.32794809341,0.154564619064331,39.5117013454437
680,1650957004.30468,680,123.59375,791,1630.73762822151,0.077623896300793,39.5689203739166
681,1650957004.7294,681,123.75,792,1631.16235113144,0.255413949489593,39.6243393421173
682,1650957005.14825,682,123.90625,793,1631.58120107651,0.07670670747757,39.6855351924896
683,1650957005.57407,683,124.0625,794,1632.00701999664,0.100724317133427,39.7467710971832
684,1650957005.93396,684,124.21875,795,1632.36691212654,0.092635840177536,39.8197700977325
685,1650957006.35075,685,124.375,796,1632.78369307518,0.161499857902527,39.8700890541077
686,1650957006.76474,686,124.53125,797,1633.19769120216,0.129928380250931,39.9253301620483
687,1650957007.17683,687,124.6875,798,1633.60977506638,0.105897501111031,39.9922211170197
688,1650957007.61157,688,124.84375,799,1634.04452013969,0.107203617691994,40.054083108902
689,1650957007.99032,689,125,800,1634.42326402664,0.1083864569664,40.1254849433899
690,1650957008.39543,690,125.15625,801,1634.82837200165,0.119096696376801,40.1898009777069
691,1650957008.78712,691,125.3125,802,1635.22006511688,0.095084875822067,40.242733001709
692,1650957009.14339,692,125.46875,803,1635.57633519173,0.096714951097965,40.3035252094269
693,1650957009.54058,693,125.625,804,1635.97352814674,0.115077294409275,40.3889193534851
694,1650957009.85637,694,125.78125,805,1636.28932118416,0.120922274887562,40.4304733276367
695,1650957010.34528,695,125.9375,806,1636.77822709084,0.073778882622719,40.5035891532898
696,1650957010.76745,696,126.09375,807,1637.20039415359,0.149262726306915,40.5942401885986
697,1650957011.15314,697,126.25,808,1637.58609008789,0.091257728636265,40.6631951332092
698,1650957011.68017,698,126.40625,809,1638.11311912537,0.087658792734146,40.7224280834198
699,1650957012.09581,699,126.5625,810,1638.52875804901,0.099683128297329,40.7732622623444
700,1650957012.52685,700,126.71875,811,1638.95979309082,0.117605477571487,40.8426752090454
701,1650957012.94009,701,126.875,812,1639.37303900719,0.134961888194084,40.8957133293152
702,1650957013.3393,702,127.03125,813,1639.77224802971,0.051668461412191,40.9498462677002
703,1650957013.76946,703,127.1875,814,1640.20240521431,0.147453099489212,41.001204252243
704,1650957014.16335,704,127.34375,815,1640.59629702568,0.06691562384367,41.0557813644409
705,1650957014.59484,705,127.5,816,1641.02778506279,0.197324976325035,41.1233832836151
706,1650957015.02498,706,127.65625,817,1641.45792818069,0.118817001581192,41.2059004306793
707,1650957015.48918,707,127.8125,818,1641.92212200165,0.060451716184616,41.284065246582
708,1650957015.92014,708,127.96875,819,1642.35308218002,0.180402904748917,41.3415224552155
709,1650957016.25461,709,128.125,820,1642.68756222725,0.138751596212387,41.4051003456116
710,1650957016.64618,710,128.28125,821,1643.07912921906,0.060279179364443,41.4560551643372
711,1650957017.08704,711,128.4375,822,1643.51998901367,0.162344232201576,41.5118622779846
712,1650957017.49437,712,128.59375,823,1643.92732000351,0.160210803151131,41.56449842453
713,1650957017.86773,713,128.75,824,1644.30067420006,0.15167535841465,41.6227662563324
714,1650957018.28626,714,128.90625,825,1644.71920204163,0.122834950685501,41.6899981498718
715,1650957018.69879,715,129.0625,826,1645.13174104691,0.115853101015091,41.7379341125488
716,1650957019.13274,716,129.21875,827,1645.56568622589,0.107978209853172,41.7953960895538
717,1650957019.57596,717,129.375,828,1646.00890803337,0.051366720348597,41.8452873229981
718,1650957020.00715,718,129.53125,829,1646.44009804726,0.156348377466202,41.9166753292084
719,1650957020.45786,719,129.6875,830,1646.89080405235,0.12778614461422,41.9723083972931
720,1650957020.79819,720,129.84375,831,1647.23113203049,0.122076138854027,42.0280203819275
721,1650957021.17422,721,130,832,1647.60716819763,0.06105200946331,42.0756363868713
722,1650957021.55826,722,130.15625,833,1647.99121117592,0.178094431757927,42.1324052810669
723,1650957021.9856,723,130.3125,834,1648.41855216026,0.120195254683495,42.1843461990356
724,1650957022.42086,724,130.46875,835,1648.85380721092,0.1620172560215,42.2370810508728
725,1650957022.84481,725,130.625,836,1649.27775812149,0.141756847500801,42.2859830856323
726,1650957023.23032,726,130.78125,837,1649.66327118874,0.097814053297043,42.3412311077118
727,1650957023.64385,727,130.9375,838,1650.07680010796,0.108559779822826,42.3890419006348
728,1650957024.09172,728,131.09375,839,1650.52466511726,0.141165733337402,42.4487118721008
729,1650957024.52888,729,131.25,840,1650.96182513237,0.110240459442139,42.5210618972778
730,1650957024.89002,730,131.40625,841,1651.3229701519,0.139897421002388,42.5780010223389
731,1650957025.29885,731,131.5625,842,1651.73180222511,0.095583975315094,42.6349239349365
732,1650957025.70084,732,131.71875,843,1652.1337890625,0.105124123394489,42.6900799274445
733,1650957026.13661,733,131.875,844,1652.56955599785,0.125317648053169,42.7413799762726
734,1650957026.53506,734,132.03125,845,1652.96800518036,0.171762928366661,42.8019380569458
735,1650957026.96461,735,132.1875,846,1653.39755415916,0.065179400146008,42.8481230735779
736,1650957027.36068,736,132.34375,847,1653.79362607002,0.089389689266682,42.907968044281
737,1650957027.81209,737,132.5,848,1654.24503707886,0.070946916937828,42.9658629894257
738,1650957028.22229,738,132.65625,849,1654.65523409843,0.203394308686256,43.0215890407562
739,1650957028.64213,739,132.8125,850,1655.07507801056,0.185206085443497,43.0877089500427
740,1650957029.07135,740,132.96875,851,1655.50429415703,0.103468514978886,43.1501109600067
741,1650957029.47148,741,133.125,852,1655.90442419052,0.091979824006558,43.2012150287628
742,1650957029.85514,742,133.28125,853,1656.28808403015,0.079704001545906,43.2547421455383
